date,value,series_index,series_label,chart_id,chart_name_en,source,ingested_at
1980-01-01,1992.0,0,series_0,171,US - Nonfarm Payrolls (Yearly Change) vs. GDP,macromicro,2026-03-30T13:55:30Z
1980-02-01,1828.0,0,series_0,171,US - Nonfarm Payrolls (Yearly Change) vs. GDP,macromicro,2026-03-30T13:55:30Z
1980-03-01,1514.0,0,series_0,171,US - Nonfarm Payrolls (Yearly Change) vs. GDP,macromicro,2026-03-30T13:55:30Z
1980-04-01,1432.0,0,series_0,171,US - Nonfarm Payrolls (Yearly Change) vs. GDP,macromicro,2026-03-30T13:55:30Z
1980-05-01,628.0,0,series_0,171,US - Nonfarm Payrolls (Yearly Change) vs. GDP,macromicro,2026-03-30T13:55:30Z
1980-06-01,-10.0,0,series_0,171,US - Nonfarm Payrolls (Yearly Change) vs. GDP,macromicro,2026-03-30T13:55:30Z
1980-07-01,-378.0,0,series_0,171,US - Nonfarm Payrolls (Yearly Change) vs. GDP,macromicro,2026-03-30T13:55:30Z
1980-08-01,-200.0,0,series_0,171,US - Nonfarm Payrolls (Yearly Change) vs. GDP,macromicro,2026-03-30T13:55:30Z
1980-09-01,-115.0,0,series_0,171,US - Nonfarm Payrolls (Yearly Change) vs. GDP,macromicro,2026-03-30T13:55:30Z
1980-10-01,9.0,0,series_0,171,US - Nonfarm Payrolls (Yearly Change) vs. GDP,macromicro,2026-03-30T13:55:30Z
1980-11-01,172.0,0,series_0,171,US - Nonfarm Payrolls (Yearly Change) vs. GDP,macromicro,2026-03-30T13:55:30Z
1980-12-01,270.0,0,series_0,171,US - Nonfarm Payrolls (Yearly Change) vs. GDP,macromicro,2026-03-30T13:55:30Z
1981-01-01,235.0,0,series_0,171,US - Nonfarm Payrolls (Yearly Change) vs. GDP,macromicro,2026-03-30T13:55:30Z
1981-02-01,223.0,0,series_0,171,US - Nonfarm Payrolls (Yearly Change) vs. GDP,macromicro,2026-03-30T13:55:30Z
1981-03-01,216.0,0,series_0,171,US - Nonfarm Payrolls (Yearly Change) vs. GDP,macromicro,2026-03-30T13:55:30Z
1981-04-01,433.0,0,series_0,171,US - Nonfarm Payrolls (Yearly Change) vs. GDP,macromicro,2026-03-30T13:55:30Z
1981-05-01,874.0,0,series_0,171,US - Nonfarm Payrolls (Yearly Change) vs. GDP,macromicro,2026-03-30T13:55:30Z
1981-06-01,1391.0,0,series_0,171,US - Nonfarm Payrolls (Yearly Change) vs. GDP,macromicro,2026-03-30T13:55:30Z
1981-07-01,1765.0,0,series_0,171,US - Nonfarm Payrolls (Yearly Change) vs. GDP,macromicro,2026-03-30T13:55:30Z
1981-08-01,1469.0,0,series_0,171,US - Nonfarm Payrolls (Yearly Change) vs. GDP,macromicro,2026-03-30T13:55:30Z
1981-09-01,1269.0,0,series_0,171,US - Nonfarm Payrolls (Yearly Change) vs. GDP,macromicro,2026-03-30T13:55:30Z
1981-10-01,889.0,0,series_0,171,US - Nonfarm Payrolls (Yearly Change) vs. GDP,macromicro,2026-03-30T13:55:30Z
1981-11-01,423.0,0,series_0,171,US - Nonfarm Payrolls (Yearly Change) vs. GDP,macromicro,2026-03-30T13:55:30Z
1981-12-01,-50.0,0,series_0,171,US - Nonfarm Payrolls (Yearly Change) vs. GDP,macromicro,2026-03-30T13:55:30Z
1982-01-01,-470.0,0,series_0,171,US - Nonfarm Payrolls (Yearly Change) vs. GDP,macromicro,2026-03-30T13:55:30Z
1982-02-01,-543.0,0,series_0,171,US - Nonfarm Payrolls (Yearly Change) vs. GDP,macromicro,2026-03-30T13:55:30Z
1982-03-01,-778.0,0,series_0,171,US - Nonfarm Payrolls (Yearly Change) vs. GDP,macromicro,2026-03-30T13:55:30Z
1982-04-01,-1131.0,0,series_0,171,US - Nonfarm Payrolls (Yearly Change) vs. GDP,macromicro,2026-03-30T13:55:30Z
1982-05-01,-1186.0,0,series_0,171,US - Nonfarm Payrolls (Yearly Change) vs. GDP,macromicro,2026-03-30T13:55:30Z
1982-06-01,-1626.0,0,series_0,171,US - Nonfarm Payrolls (Yearly Change) vs. GDP,macromicro,2026-03-30T13:55:30Z
1982-07-01,-2080.0,0,series_0,171,US - Nonfarm Payrolls (Yearly Change) vs. GDP,macromicro,2026-03-30T13:55:30Z
1982-08-01,-2202.0,0,series_0,171,US - Nonfarm Payrolls (Yearly Change) vs. GDP,macromicro,2026-03-30T13:55:30Z
1982-09-01,-2296.0,0,series_0,171,US - Nonfarm Payrolls (Yearly Change) vs. GDP,macromicro,2026-03-30T13:55:30Z
1982-10-01,-2474.0,0,series_0,171,US - Nonfarm Payrolls (Yearly Change) vs. GDP,macromicro,2026-03-30T13:55:30Z
1982-11-01,-2388.0,0,series_0,171,US - Nonfarm Payrolls (Yearly Change) vs. GDP,macromicro,2026-03-30T13:55:30Z
1982-12-01,-2124.0,0,series_0,171,US - Nonfarm Payrolls (Yearly Change) vs. GDP,macromicro,2026-03-30T13:55:30Z
1983-01-01,-1574.0,0,series_0,171,US - Nonfarm Payrolls (Yearly Change) vs. GDP,macromicro,2026-03-30T13:55:30Z
1983-02-01,-1644.0,0,series_0,171,US - Nonfarm Payrolls (Yearly Change) vs. GDP,macromicro,2026-03-30T13:55:30Z
1983-03-01,-1342.0,0,series_0,171,US - Nonfarm Payrolls (Yearly Change) vs. GDP,macromicro,2026-03-30T13:55:30Z
1983-04-01,-786.0,0,series_0,171,US - Nonfarm Payrolls (Yearly Change) vs. GDP,macromicro,2026-03-30T13:55:30Z
1983-05-01,-464.0,0,series_0,171,US - Nonfarm Payrolls (Yearly Change) vs. GDP,macromicro,2026-03-30T13:55:30Z
1983-06-01,158.0,0,series_0,171,US - Nonfarm Payrolls (Yearly Change) vs. GDP,macromicro,2026-03-30T13:55:30Z
1983-07-01,918.0,0,series_0,171,US - Nonfarm Payrolls (Yearly Change) vs. GDP,macromicro,2026-03-30T13:55:30Z
1983-08-01,768.0,0,series_0,171,US - Nonfarm Payrolls (Yearly Change) vs. GDP,macromicro,2026-03-30T13:55:30Z
1983-09-01,2064.0,0,series_0,171,US - Nonfarm Payrolls (Yearly Change) vs. GDP,macromicro,2026-03-30T13:55:30Z
1983-10-01,2612.0,0,series_0,171,US - Nonfarm Payrolls (Yearly Change) vs. GDP,macromicro,2026-03-30T13:55:30Z
1983-11-01,3088.0,0,series_0,171,US - Nonfarm Payrolls (Yearly Change) vs. GDP,macromicro,2026-03-30T13:55:30Z
1983-12-01,3458.0,0,series_0,171,US - Nonfarm Payrolls (Yearly Change) vs. GDP,macromicro,2026-03-30T13:55:30Z
1984-01-01,3680.0,0,series_0,171,US - Nonfarm Payrolls (Yearly Change) vs. GDP,macromicro,2026-03-30T13:55:30Z
1984-02-01,4236.0,0,series_0,171,US - Nonfarm Payrolls (Yearly Change) vs. GDP,macromicro,2026-03-30T13:55:30Z
1984-03-01,4339.0,0,series_0,171,US - Nonfarm Payrolls (Yearly Change) vs. GDP,macromicro,2026-03-30T13:55:30Z
1984-04-01,4426.0,0,series_0,171,US - Nonfarm Payrolls (Yearly Change) vs. GDP,macromicro,2026-03-30T13:55:30Z
1984-05-01,4457.0,0,series_0,171,US - Nonfarm Payrolls (Yearly Change) vs. GDP,macromicro,2026-03-30T13:55:30Z
1984-06-01,4457.0,0,series_0,171,US - Nonfarm Payrolls (Yearly Change) vs. GDP,macromicro,2026-03-30T13:55:30Z
1984-07-01,4352.0,0,series_0,171,US - Nonfarm Payrolls (Yearly Change) vs. GDP,macromicro,2026-03-30T13:55:30Z
1984-08-01,4902.0,0,series_0,171,US - Nonfarm Payrolls (Yearly Change) vs. GDP,macromicro,2026-03-30T13:55:30Z
1984-09-01,4097.0,0,series_0,171,US - Nonfarm Payrolls (Yearly Change) vs. GDP,macromicro,2026-03-30T13:55:30Z
1984-10-01,4112.0,0,series_0,171,US - Nonfarm Payrolls (Yearly Change) vs. GDP,macromicro,2026-03-30T13:55:30Z
1984-11-01,4108.0,0,series_0,171,US - Nonfarm Payrolls (Yearly Change) vs. GDP,macromicro,2026-03-30T13:55:30Z
1984-12-01,3880.0,0,series_0,171,US - Nonfarm Payrolls (Yearly Change) vs. GDP,macromicro,2026-03-30T13:55:30Z
1985-01-01,3700.0,0,series_0,171,US - Nonfarm Payrolls (Yearly Change) vs. GDP,macromicro,2026-03-30T13:55:30Z
1985-02-01,3343.0,0,series_0,171,US - Nonfarm Payrolls (Yearly Change) vs. GDP,macromicro,2026-03-30T13:55:30Z
1985-03-01,3414.0,0,series_0,171,US - Nonfarm Payrolls (Yearly Change) vs. GDP,macromicro,2026-03-30T13:55:30Z
1985-04-01,3247.0,0,series_0,171,US - Nonfarm Payrolls (Yearly Change) vs. GDP,macromicro,2026-03-30T13:55:30Z
1985-05-01,3213.0,0,series_0,171,US - Nonfarm Payrolls (Yearly Change) vs. GDP,macromicro,2026-03-30T13:55:30Z
1985-06-01,2980.0,0,series_0,171,US - Nonfarm Payrolls (Yearly Change) vs. GDP,macromicro,2026-03-30T13:55:30Z
1985-07-01,2857.0,0,series_0,171,US - Nonfarm Payrolls (Yearly Change) vs. GDP,macromicro,2026-03-30T13:55:30Z
1985-08-01,2808.0,0,series_0,171,US - Nonfarm Payrolls (Yearly Change) vs. GDP,macromicro,2026-03-30T13:55:30Z
1985-09-01,2701.0,0,series_0,171,US - Nonfarm Payrolls (Yearly Change) vs. GDP,macromicro,2026-03-30T13:55:30Z
1985-10-01,2603.0,0,series_0,171,US - Nonfarm Payrolls (Yearly Change) vs. GDP,macromicro,2026-03-30T13:55:30Z
1985-11-01,2463.0,0,series_0,171,US - Nonfarm Payrolls (Yearly Change) vs. GDP,macromicro,2026-03-30T13:55:30Z
1985-12-01,2502.0,0,series_0,171,US - Nonfarm Payrolls (Yearly Change) vs. GDP,macromicro,2026-03-30T13:55:30Z
1986-01-01,2361.0,0,series_0,171,US - Nonfarm Payrolls (Yearly Change) vs. GDP,macromicro,2026-03-30T13:55:30Z
1986-02-01,2344.0,0,series_0,171,US - Nonfarm Payrolls (Yearly Change) vs. GDP,macromicro,2026-03-30T13:55:30Z
1986-03-01,2092.0,0,series_0,171,US - Nonfarm Payrolls (Yearly Change) vs. GDP,macromicro,2026-03-30T13:55:30Z
1986-04-01,2083.0,0,series_0,171,US - Nonfarm Payrolls (Yearly Change) vs. GDP,macromicro,2026-03-30T13:55:30Z
1986-05-01,1936.0,0,series_0,171,US - Nonfarm Payrolls (Yearly Change) vs. GDP,macromicro,2026-03-30T13:55:30Z
1986-06-01,1696.0,0,series_0,171,US - Nonfarm Payrolls (Yearly Change) vs. GDP,macromicro,2026-03-30T13:55:30Z
1986-07-01,1824.0,0,series_0,171,US - Nonfarm Payrolls (Yearly Change) vs. GDP,macromicro,2026-03-30T13:55:30Z
1986-08-01,1745.0,0,series_0,171,US - Nonfarm Payrolls (Yearly Change) vs. GDP,macromicro,2026-03-30T13:55:30Z
1986-09-01,1889.0,0,series_0,171,US - Nonfarm Payrolls (Yearly Change) vs. GDP,macromicro,2026-03-30T13:55:30Z
1986-10-01,1887.0,0,series_0,171,US - Nonfarm Payrolls (Yearly Change) vs. GDP,macromicro,2026-03-30T13:55:30Z
1986-11-01,1864.0,0,series_0,171,US - Nonfarm Payrolls (Yearly Change) vs. GDP,macromicro,2026-03-30T13:55:30Z
1986-12-01,1902.0,0,series_0,171,US - Nonfarm Payrolls (Yearly Change) vs. GDP,macromicro,2026-03-30T13:55:30Z
1987-01-01,1949.0,0,series_0,171,US - Nonfarm Payrolls (Yearly Change) vs. GDP,macromicro,2026-03-30T13:55:30Z
1987-02-01,2074.0,0,series_0,171,US - Nonfarm Payrolls (Yearly Change) vs. GDP,macromicro,2026-03-30T13:55:30Z
1987-03-01,2229.0,0,series_0,171,US - Nonfarm Payrolls (Yearly Change) vs. GDP,macromicro,2026-03-30T13:55:30Z
1987-04-01,2380.0,0,series_0,171,US - Nonfarm Payrolls (Yearly Change) vs. GDP,macromicro,2026-03-30T13:55:30Z
1987-05-01,2479.0,0,series_0,171,US - Nonfarm Payrolls (Yearly Change) vs. GDP,macromicro,2026-03-30T13:55:30Z
1987-06-01,2745.0,0,series_0,171,US - Nonfarm Payrolls (Yearly Change) vs. GDP,macromicro,2026-03-30T13:55:30Z
1987-07-01,2774.0,0,series_0,171,US - Nonfarm Payrolls (Yearly Change) vs. GDP,macromicro,2026-03-30T13:55:30Z
1987-08-01,2831.0,0,series_0,171,US - Nonfarm Payrolls (Yearly Change) vs. GDP,macromicro,2026-03-30T13:55:30Z
1987-09-01,2712.0,0,series_0,171,US - Nonfarm Payrolls (Yearly Change) vs. GDP,macromicro,2026-03-30T13:55:30Z
1987-10-01,3018.0,0,series_0,171,US - Nonfarm Payrolls (Yearly Change) vs. GDP,macromicro,2026-03-30T13:55:30Z
1987-11-01,3064.0,0,series_0,171,US - Nonfarm Payrolls (Yearly Change) vs. GDP,macromicro,2026-03-30T13:55:30Z
1987-12-01,3153.0,0,series_0,171,US - Nonfarm Payrolls (Yearly Change) vs. GDP,macromicro,2026-03-30T13:55:30Z
1988-01-01,3075.0,0,series_0,171,US - Nonfarm Payrolls (Yearly Change) vs. GDP,macromicro,2026-03-30T13:55:30Z
1988-02-01,3296.0,0,series_0,171,US - Nonfarm Payrolls (Yearly Change) vs. GDP,macromicro,2026-03-30T13:55:30Z
1988-03-01,3323.0,0,series_0,171,US - Nonfarm Payrolls (Yearly Change) vs. GDP,macromicro,2026-03-30T13:55:30Z
1988-04-01,3230.0,0,series_0,171,US - Nonfarm Payrolls (Yearly Change) vs. GDP,macromicro,2026-03-30T13:55:30Z
1988-05-01,3233.0,0,series_0,171,US - Nonfarm Payrolls (Yearly Change) vs. GDP,macromicro,2026-03-30T13:55:30Z
1988-06-01,3424.0,0,series_0,171,US - Nonfarm Payrolls (Yearly Change) vs. GDP,macromicro,2026-03-30T13:55:30Z
1988-07-01,3299.0,0,series_0,171,US - Nonfarm Payrolls (Yearly Change) vs. GDP,macromicro,2026-03-30T13:55:30Z
1988-08-01,3252.0,0,series_0,171,US - Nonfarm Payrolls (Yearly Change) vs. GDP,macromicro,2026-03-30T13:55:30Z
1988-09-01,3363.0,0,series_0,171,US - Nonfarm Payrolls (Yearly Change) vs. GDP,macromicro,2026-03-30T13:55:30Z
1988-10-01,3139.0,0,series_0,171,US - Nonfarm Payrolls (Yearly Change) vs. GDP,macromicro,2026-03-30T13:55:30Z
1988-11-01,3246.0,0,series_0,171,US - Nonfarm Payrolls (Yearly Change) vs. GDP,macromicro,2026-03-30T13:55:30Z
1988-12-01,3242.0,0,series_0,171,US - Nonfarm Payrolls (Yearly Change) vs. GDP,macromicro,2026-03-30T13:55:30Z
1989-01-01,3410.0,0,series_0,171,US - Nonfarm Payrolls (Yearly Change) vs. GDP,macromicro,2026-03-30T13:55:30Z
1989-02-01,3215.0,0,series_0,171,US - Nonfarm Payrolls (Yearly Change) vs. GDP,macromicro,2026-03-30T13:55:30Z
1989-03-01,3132.0,0,series_0,171,US - Nonfarm Payrolls (Yearly Change) vs. GDP,macromicro,2026-03-30T13:55:30Z
1989-04-01,3060.0,0,series_0,171,US - Nonfarm Payrolls (Yearly Change) vs. GDP,macromicro,2026-03-30T13:55:30Z
1989-05-01,2949.0,0,series_0,171,US - Nonfarm Payrolls (Yearly Change) vs. GDP,macromicro,2026-03-30T13:55:30Z
1989-06-01,2702.0,0,series_0,171,US - Nonfarm Payrolls (Yearly Change) vs. GDP,macromicro,2026-03-30T13:55:30Z
1989-07-01,2520.0,0,series_0,171,US - Nonfarm Payrolls (Yearly Change) vs. GDP,macromicro,2026-03-30T13:55:30Z
1989-08-01,2445.0,0,series_0,171,US - Nonfarm Payrolls (Yearly Change) vs. GDP,macromicro,2026-03-30T13:55:30Z
1989-09-01,2356.0,0,series_0,171,US - Nonfarm Payrolls (Yearly Change) vs. GDP,macromicro,2026-03-30T13:55:30Z
1989-10-01,2199.0,0,series_0,171,US - Nonfarm Payrolls (Yearly Change) vs. GDP,macromicro,2026-03-30T13:55:30Z
1989-11-01,2137.0,0,series_0,171,US - Nonfarm Payrolls (Yearly Change) vs. GDP,macromicro,2026-03-30T13:55:30Z
1989-12-01,1943.0,0,series_0,171,US - Nonfarm Payrolls (Yearly Change) vs. GDP,macromicro,2026-03-30T13:55:30Z
1990-01-01,2016.0,0,series_0,171,US - Nonfarm Payrolls (Yearly Change) vs. GDP,macromicro,2026-03-30T13:55:30Z
1990-02-01,2006.0,0,series_0,171,US - Nonfarm Payrolls (Yearly Change) vs. GDP,macromicro,2026-03-30T13:55:30Z
1990-03-01,2028.0,0,series_0,171,US - Nonfarm Payrolls (Yearly Change) vs. GDP,macromicro,2026-03-30T13:55:30Z
1990-04-01,1895.0,0,series_0,171,US - Nonfarm Payrolls (Yearly Change) vs. GDP,macromicro,2026-03-30T13:55:30Z
1990-05-01,1929.0,0,series_0,171,US - Nonfarm Payrolls (Yearly Change) vs. GDP,macromicro,2026-03-30T13:55:30Z
1990-06-01,1836.0,0,series_0,171,US - Nonfarm Payrolls (Yearly Change) vs. GDP,macromicro,2026-03-30T13:55:30Z
1990-07-01,1768.0,0,series_0,171,US - Nonfarm Payrolls (Yearly Change) vs. GDP,macromicro,2026-03-30T13:55:30Z
1990-08-01,1498.0,0,series_0,171,US - Nonfarm Payrolls (Yearly Change) vs. GDP,macromicro,2026-03-30T13:55:30Z
1990-09-01,1160.0,0,series_0,171,US - Nonfarm Payrolls (Yearly Change) vs. GDP,macromicro,2026-03-30T13:55:30Z
1990-10-01,890.0,0,series_0,171,US - Nonfarm Payrolls (Yearly Change) vs. GDP,macromicro,2026-03-30T13:55:30Z
1990-11-01,463.0,0,series_0,171,US - Nonfarm Payrolls (Yearly Change) vs. GDP,macromicro,2026-03-30T13:55:30Z
1990-12-01,311.0,0,series_0,171,US - Nonfarm Payrolls (Yearly Change) vs. GDP,macromicro,2026-03-30T13:55:30Z
1991-01-01,-144.0,0,series_0,171,US - Nonfarm Payrolls (Yearly Change) vs. GDP,macromicro,2026-03-30T13:55:30Z
1991-02-01,-697.0,0,series_0,171,US - Nonfarm Payrolls (Yearly Change) vs. GDP,macromicro,2026-03-30T13:55:30Z
1991-03-01,-1070.0,0,series_0,171,US - Nonfarm Payrolls (Yearly Change) vs. GDP,macromicro,2026-03-30T13:55:30Z
1991-04-01,-1321.0,0,series_0,171,US - Nonfarm Payrolls (Yearly Change) vs. GDP,macromicro,2026-03-30T13:55:30Z
1991-05-01,-1598.0,0,series_0,171,US - Nonfarm Payrolls (Yearly Change) vs. GDP,macromicro,2026-03-30T13:55:30Z
1991-06-01,-1524.0,0,series_0,171,US - Nonfarm Payrolls (Yearly Change) vs. GDP,macromicro,2026-03-30T13:55:30Z
1991-07-01,-1532.0,0,series_0,171,US - Nonfarm Payrolls (Yearly Change) vs. GDP,macromicro,2026-03-30T13:55:30Z
1991-08-01,-1305.0,0,series_0,171,US - Nonfarm Payrolls (Yearly Change) vs. GDP,macromicro,2026-03-30T13:55:30Z
1991-09-01,-1185.0,0,series_0,171,US - Nonfarm Payrolls (Yearly Change) vs. GDP,macromicro,2026-03-30T13:55:30Z
1991-10-01,-1010.0,0,series_0,171,US - Nonfarm Payrolls (Yearly Change) vs. GDP,macromicro,2026-03-30T13:55:30Z
1991-11-01,-917.0,0,series_0,171,US - Nonfarm Payrolls (Yearly Change) vs. GDP,macromicro,2026-03-30T13:55:30Z
1991-12-01,-836.0,0,series_0,171,US - Nonfarm Payrolls (Yearly Change) vs. GDP,macromicro,2026-03-30T13:55:30Z
1992-01-01,-663.0,0,series_0,171,US - Nonfarm Payrolls (Yearly Change) vs. GDP,macromicro,2026-03-30T13:55:30Z
1992-02-01,-421.0,0,series_0,171,US - Nonfarm Payrolls (Yearly Change) vs. GDP,macromicro,2026-03-30T13:55:30Z
1992-03-01,-209.0,0,series_0,171,US - Nonfarm Payrolls (Yearly Change) vs. GDP,macromicro,2026-03-30T13:55:30Z
1992-04-01,161.0,0,series_0,171,US - Nonfarm Payrolls (Yearly Change) vs. GDP,macromicro,2026-03-30T13:55:30Z
1992-05-01,413.0,0,series_0,171,US - Nonfarm Payrolls (Yearly Change) vs. GDP,macromicro,2026-03-30T13:55:30Z
1992-06-01,383.0,0,series_0,171,US - Nonfarm Payrolls (Yearly Change) vs. GDP,macromicro,2026-03-30T13:55:30Z
1992-07-01,487.0,0,series_0,171,US - Nonfarm Payrolls (Yearly Change) vs. GDP,macromicro,2026-03-30T13:55:30Z
1992-08-01,622.0,0,series_0,171,US - Nonfarm Payrolls (Yearly Change) vs. GDP,macromicro,2026-03-30T13:55:30Z
1992-09-01,626.0,0,series_0,171,US - Nonfarm Payrolls (Yearly Change) vs. GDP,macromicro,2026-03-30T13:55:30Z
1992-10-01,790.0,0,series_0,171,US - Nonfarm Payrolls (Yearly Change) vs. GDP,macromicro,2026-03-30T13:55:30Z
1992-11-01,985.0,0,series_0,171,US - Nonfarm Payrolls (Yearly Change) vs. GDP,macromicro,2026-03-30T13:55:30Z
1992-12-01,1171.0,0,series_0,171,US - Nonfarm Payrolls (Yearly Change) vs. GDP,macromicro,2026-03-30T13:55:30Z
1993-01-01,1428.0,0,series_0,171,US - Nonfarm Payrolls (Yearly Change) vs. GDP,macromicro,2026-03-30T13:55:30Z
1993-02-01,1733.0,0,series_0,171,US - Nonfarm Payrolls (Yearly Change) vs. GDP,macromicro,2026-03-30T13:55:30Z
1993-03-01,1630.0,0,series_0,171,US - Nonfarm Payrolls (Yearly Change) vs. GDP,macromicro,2026-03-30T13:55:30Z
1993-04-01,1779.0,0,series_0,171,US - Nonfarm Payrolls (Yearly Change) vs. GDP,macromicro,2026-03-30T13:55:30Z
1993-05-01,1919.0,0,series_0,171,US - Nonfarm Payrolls (Yearly Change) vs. GDP,macromicro,2026-03-30T13:55:30Z
1993-06-01,2033.0,0,series_0,171,US - Nonfarm Payrolls (Yearly Change) vs. GDP,macromicro,2026-03-30T13:55:30Z
1993-07-01,2263.0,0,series_0,171,US - Nonfarm Payrolls (Yearly Change) vs. GDP,macromicro,2026-03-30T13:55:30Z
1993-08-01,2282.0,0,series_0,171,US - Nonfarm Payrolls (Yearly Change) vs. GDP,macromicro,2026-03-30T13:55:30Z
1993-09-01,2485.0,0,series_0,171,US - Nonfarm Payrolls (Yearly Change) vs. GDP,macromicro,2026-03-30T13:55:30Z
1993-10-01,2591.0,0,series_0,171,US - Nonfarm Payrolls (Yearly Change) vs. GDP,macromicro,2026-03-30T13:55:30Z
1993-11-01,2715.0,0,series_0,171,US - Nonfarm Payrolls (Yearly Change) vs. GDP,macromicro,2026-03-30T13:55:30Z
1993-12-01,2816.0,0,series_0,171,US - Nonfarm Payrolls (Yearly Change) vs. GDP,macromicro,2026-03-30T13:55:30Z
1994-01-01,2778.0,0,series_0,171,US - Nonfarm Payrolls (Yearly Change) vs. GDP,macromicro,2026-03-30T13:55:30Z
1994-02-01,2736.0,0,series_0,171,US - Nonfarm Payrolls (Yearly Change) vs. GDP,macromicro,2026-03-30T13:55:30Z
1994-03-01,3250.0,0,series_0,171,US - Nonfarm Payrolls (Yearly Change) vs. GDP,macromicro,2026-03-30T13:55:30Z
1994-04-01,3291.0,0,series_0,171,US - Nonfarm Payrolls (Yearly Change) vs. GDP,macromicro,2026-03-30T13:55:30Z
1994-05-01,3358.0,0,series_0,171,US - Nonfarm Payrolls (Yearly Change) vs. GDP,macromicro,2026-03-30T13:55:30Z
1994-06-01,3493.0,0,series_0,171,US - Nonfarm Payrolls (Yearly Change) vs. GDP,macromicro,2026-03-30T13:55:30Z
1994-07-01,3573.0,0,series_0,171,US - Nonfarm Payrolls (Yearly Change) vs. GDP,macromicro,2026-03-30T13:55:30Z
1994-08-01,3690.0,0,series_0,171,US - Nonfarm Payrolls (Yearly Change) vs. GDP,macromicro,2026-03-30T13:55:30Z
1994-09-01,3803.0,0,series_0,171,US - Nonfarm Payrolls (Yearly Change) vs. GDP,macromicro,2026-03-30T13:55:30Z
1994-10-01,3730.0,0,series_0,171,US - Nonfarm Payrolls (Yearly Change) vs. GDP,macromicro,2026-03-30T13:55:30Z
1994-11-01,3888.0,0,series_0,171,US - Nonfarm Payrolls (Yearly Change) vs. GDP,macromicro,2026-03-30T13:55:30Z
1994-12-01,3851.0,0,series_0,171,US - Nonfarm Payrolls (Yearly Change) vs. GDP,macromicro,2026-03-30T13:55:30Z
1995-01-01,3905.0,0,series_0,171,US - Nonfarm Payrolls (Yearly Change) vs. GDP,macromicro,2026-03-30T13:55:30Z
1995-02-01,3908.0,0,series_0,171,US - Nonfarm Payrolls (Yearly Change) vs. GDP,macromicro,2026-03-30T13:55:30Z
1995-03-01,3665.0,0,series_0,171,US - Nonfarm Payrolls (Yearly Change) vs. GDP,macromicro,2026-03-30T13:55:30Z
1995-04-01,3478.0,0,series_0,171,US - Nonfarm Payrolls (Yearly Change) vs. GDP,macromicro,2026-03-30T13:55:30Z
1995-05-01,3128.0,0,series_0,171,US - Nonfarm Payrolls (Yearly Change) vs. GDP,macromicro,2026-03-30T13:55:30Z
1995-06-01,3047.0,0,series_0,171,US - Nonfarm Payrolls (Yearly Change) vs. GDP,macromicro,2026-03-30T13:55:30Z
1995-07-01,2771.0,0,series_0,171,US - Nonfarm Payrolls (Yearly Change) vs. GDP,macromicro,2026-03-30T13:55:30Z
1995-08-01,2742.0,0,series_0,171,US - Nonfarm Payrolls (Yearly Change) vs. GDP,macromicro,2026-03-30T13:55:30Z
1995-09-01,2632.0,0,series_0,171,US - Nonfarm Payrolls (Yearly Change) vs. GDP,macromicro,2026-03-30T13:55:30Z
1995-10-01,2573.0,0,series_0,171,US - Nonfarm Payrolls (Yearly Change) vs. GDP,macromicro,2026-03-30T13:55:30Z
1995-11-01,2302.0,0,series_0,171,US - Nonfarm Payrolls (Yearly Change) vs. GDP,macromicro,2026-03-30T13:55:30Z
1995-12-01,2160.0,0,series_0,171,US - Nonfarm Payrolls (Yearly Change) vs. GDP,macromicro,2026-03-30T13:55:30Z
1996-01-01,1815.0,0,series_0,171,US - Nonfarm Payrolls (Yearly Change) vs. GDP,macromicro,2026-03-30T13:55:30Z
1996-02-01,2043.0,0,series_0,171,US - Nonfarm Payrolls (Yearly Change) vs. GDP,macromicro,2026-03-30T13:55:30Z
1996-03-01,2088.0,0,series_0,171,US - Nonfarm Payrolls (Yearly Change) vs. GDP,macromicro,2026-03-30T13:55:30Z
1996-04-01,2090.0,0,series_0,171,US - Nonfarm Payrolls (Yearly Change) vs. GDP,macromicro,2026-03-30T13:55:30Z
1996-05-01,2427.0,0,series_0,171,US - Nonfarm Payrolls (Yearly Change) vs. GDP,macromicro,2026-03-30T13:55:30Z
1996-06-01,2480.0,0,series_0,171,US - Nonfarm Payrolls (Yearly Change) vs. GDP,macromicro,2026-03-30T13:55:30Z
1996-07-01,2634.0,0,series_0,171,US - Nonfarm Payrolls (Yearly Change) vs. GDP,macromicro,2026-03-30T13:55:30Z
1996-08-01,2558.0,0,series_0,171,US - Nonfarm Payrolls (Yearly Change) vs. GDP,macromicro,2026-03-30T13:55:30Z
1996-09-01,2541.0,0,series_0,171,US - Nonfarm Payrolls (Yearly Change) vs. GDP,macromicro,2026-03-30T13:55:30Z
1996-10-01,2637.0,0,series_0,171,US - Nonfarm Payrolls (Yearly Change) vs. GDP,macromicro,2026-03-30T13:55:30Z
1996-11-01,2786.0,0,series_0,171,US - Nonfarm Payrolls (Yearly Change) vs. GDP,macromicro,2026-03-30T13:55:30Z
1996-12-01,2824.0,0,series_0,171,US - Nonfarm Payrolls (Yearly Change) vs. GDP,macromicro,2026-03-30T13:55:30Z
1997-01-01,3078.0,0,series_0,171,US - Nonfarm Payrolls (Yearly Change) vs. GDP,macromicro,2026-03-30T13:55:30Z
1997-02-01,2950.0,0,series_0,171,US - Nonfarm Payrolls (Yearly Change) vs. GDP,macromicro,2026-03-30T13:55:30Z
1997-03-01,2999.0,0,series_0,171,US - Nonfarm Payrolls (Yearly Change) vs. GDP,macromicro,2026-03-30T13:55:30Z
1997-04-01,3127.0,0,series_0,171,US - Nonfarm Payrolls (Yearly Change) vs. GDP,macromicro,2026-03-30T13:55:30Z
1997-05-01,3065.0,0,series_0,171,US - Nonfarm Payrolls (Yearly Change) vs. GDP,macromicro,2026-03-30T13:55:30Z
1997-06-01,3044.0,0,series_0,171,US - Nonfarm Payrolls (Yearly Change) vs. GDP,macromicro,2026-03-30T13:55:30Z
1997-07-01,3101.0,0,series_0,171,US - Nonfarm Payrolls (Yearly Change) vs. GDP,macromicro,2026-03-30T13:55:30Z
1997-08-01,2890.0,0,series_0,171,US - Nonfarm Payrolls (Yearly Change) vs. GDP,macromicro,2026-03-30T13:55:30Z
1997-09-01,3177.0,0,series_0,171,US - Nonfarm Payrolls (Yearly Change) vs. GDP,macromicro,2026-03-30T13:55:30Z
1997-10-01,3268.0,0,series_0,171,US - Nonfarm Payrolls (Yearly Change) vs. GDP,macromicro,2026-03-30T13:55:30Z
1997-11-01,3276.0,0,series_0,171,US - Nonfarm Payrolls (Yearly Change) vs. GDP,macromicro,2026-03-30T13:55:30Z
1997-12-01,3408.0,0,series_0,171,US - Nonfarm Payrolls (Yearly Change) vs. GDP,macromicro,2026-03-30T13:55:30Z
1998-01-01,3449.0,0,series_0,171,US - Nonfarm Payrolls (Yearly Change) vs. GDP,macromicro,2026-03-30T13:55:30Z
1998-02-01,3342.0,0,series_0,171,US - Nonfarm Payrolls (Yearly Change) vs. GDP,macromicro,2026-03-30T13:55:30Z
1998-03-01,3177.0,0,series_0,171,US - Nonfarm Payrolls (Yearly Change) vs. GDP,macromicro,2026-03-30T13:55:30Z
1998-04-01,3164.0,0,series_0,171,US - Nonfarm Payrolls (Yearly Change) vs. GDP,macromicro,2026-03-30T13:55:30Z
1998-05-01,3311.0,0,series_0,171,US - Nonfarm Payrolls (Yearly Change) vs. GDP,macromicro,2026-03-30T13:55:30Z
1998-06-01,3262.0,0,series_0,171,US - Nonfarm Payrolls (Yearly Change) vs. GDP,macromicro,2026-03-30T13:55:30Z
1998-07-01,3073.0,0,series_0,171,US - Nonfarm Payrolls (Yearly Change) vs. GDP,macromicro,2026-03-30T13:55:30Z
1998-08-01,3459.0,0,series_0,171,US - Nonfarm Payrolls (Yearly Change) vs. GDP,macromicro,2026-03-30T13:55:30Z
1998-09-01,3170.0,0,series_0,171,US - Nonfarm Payrolls (Yearly Change) vs. GDP,macromicro,2026-03-30T13:55:30Z
1998-10-01,3027.0,0,series_0,171,US - Nonfarm Payrolls (Yearly Change) vs. GDP,macromicro,2026-03-30T13:55:30Z
1998-11-01,3003.0,0,series_0,171,US - Nonfarm Payrolls (Yearly Change) vs. GDP,macromicro,2026-03-30T13:55:30Z
1998-12-01,3047.0,0,series_0,171,US - Nonfarm Payrolls (Yearly Change) vs. GDP,macromicro,2026-03-30T13:55:30Z
1999-01-01,2896.0,0,series_0,171,US - Nonfarm Payrolls (Yearly Change) vs. GDP,macromicro,2026-03-30T13:55:30Z
1999-02-01,3111.0,0,series_0,171,US - Nonfarm Payrolls (Yearly Change) vs. GDP,macromicro,2026-03-30T13:55:30Z
1999-03-01,3067.0,0,series_0,171,US - Nonfarm Payrolls (Yearly Change) vs. GDP,macromicro,2026-03-30T13:55:30Z
1999-04-01,3164.0,0,series_0,171,US - Nonfarm Payrolls (Yearly Change) vs. GDP,macromicro,2026-03-30T13:55:30Z
1999-05-01,2969.0,0,series_0,171,US - Nonfarm Payrolls (Yearly Change) vs. GDP,macromicro,2026-03-30T13:55:30Z
1999-06-01,3012.0,0,series_0,171,US - Nonfarm Payrolls (Yearly Change) vs. GDP,macromicro,2026-03-30T13:55:30Z
1999-07-01,3207.0,0,series_0,171,US - Nonfarm Payrolls (Yearly Change) vs. GDP,macromicro,2026-03-30T13:55:30Z
1999-08-01,3026.0,0,series_0,171,US - Nonfarm Payrolls (Yearly Change) vs. GDP,macromicro,2026-03-30T13:55:30Z
1999-09-01,3017.0,0,series_0,171,US - Nonfarm Payrolls (Yearly Change) vs. GDP,macromicro,2026-03-30T13:55:30Z
1999-10-01,3219.0,0,series_0,171,US - Nonfarm Payrolls (Yearly Change) vs. GDP,macromicro,2026-03-30T13:55:30Z
1999-11-01,3229.0,0,series_0,171,US - Nonfarm Payrolls (Yearly Change) vs. GDP,macromicro,2026-03-30T13:55:30Z
1999-12-01,3177.0,0,series_0,171,US - Nonfarm Payrolls (Yearly Change) vs. GDP,macromicro,2026-03-30T13:55:30Z
2000-01-01,3283.0,0,series_0,171,US - Nonfarm Payrolls (Yearly Change) vs. GDP,macromicro,2026-03-30T13:55:30Z
2000-02-01,3002.0,0,series_0,171,US - Nonfarm Payrolls (Yearly Change) vs. GDP,macromicro,2026-03-30T13:55:30Z
2000-03-01,3362.0,0,series_0,171,US - Nonfarm Payrolls (Yearly Change) vs. GDP,macromicro,2026-03-30T13:55:30Z
2000-04-01,3273.0,0,series_0,171,US - Nonfarm Payrolls (Yearly Change) vs. GDP,macromicro,2026-03-30T13:55:30Z
2000-05-01,3288.0,0,series_0,171,US - Nonfarm Payrolls (Yearly Change) vs. GDP,macromicro,2026-03-30T13:55:30Z
2000-06-01,2980.0,0,series_0,171,US - Nonfarm Payrolls (Yearly Change) vs. GDP,macromicro,2026-03-30T13:55:30Z
2000-07-01,2840.0,0,series_0,171,US - Nonfarm Payrolls (Yearly Change) vs. GDP,macromicro,2026-03-30T13:55:30Z
2000-08-01,2659.0,0,series_0,171,US - Nonfarm Payrolls (Yearly Change) vs. GDP,macromicro,2026-03-30T13:55:30Z
2000-09-01,2580.0,0,series_0,171,US - Nonfarm Payrolls (Yearly Change) vs. GDP,macromicro,2026-03-30T13:55:30Z
2000-10-01,2165.0,0,series_0,171,US - Nonfarm Payrolls (Yearly Change) vs. GDP,macromicro,2026-03-30T13:55:30Z
2000-11-01,2098.0,0,series_0,171,US - Nonfarm Payrolls (Yearly Change) vs. GDP,macromicro,2026-03-30T13:55:30Z
2000-12-01,1945.0,0,series_0,171,US - Nonfarm Payrolls (Yearly Change) vs. GDP,macromicro,2026-03-30T13:55:30Z
2001-01-01,1687.0,0,series_0,171,US - Nonfarm Payrolls (Yearly Change) vs. GDP,macromicro,2026-03-30T13:55:30Z
2001-02-01,1628.0,0,series_0,171,US - Nonfarm Payrolls (Yearly Change) vs. GDP,macromicro,2026-03-30T13:55:30Z
2001-03-01,1136.0,0,series_0,171,US - Nonfarm Payrolls (Yearly Change) vs. GDP,macromicro,2026-03-30T13:55:30Z
2001-04-01,567.0,0,series_0,171,US - Nonfarm Payrolls (Yearly Change) vs. GDP,macromicro,2026-03-30T13:55:30Z
2001-05-01,303.0,0,series_0,171,US - Nonfarm Payrolls (Yearly Change) vs. GDP,macromicro,2026-03-30T13:55:30Z
2001-06-01,219.0,0,series_0,171,US - Nonfarm Payrolls (Yearly Change) vs. GDP,macromicro,2026-03-30T13:55:30Z
2001-07-01,-72.0,0,series_0,171,US - Nonfarm Payrolls (Yearly Change) vs. GDP,macromicro,2026-03-30T13:55:30Z
2001-08-01,-217.0,0,series_0,171,US - Nonfarm Payrolls (Yearly Change) vs. GDP,macromicro,2026-03-30T13:55:30Z
2001-09-01,-593.0,0,series_0,171,US - Nonfarm Payrolls (Yearly Change) vs. GDP,macromicro,2026-03-30T13:55:30Z
2001-10-01,-903.0,0,series_0,171,US - Nonfarm Payrolls (Yearly Change) vs. GDP,macromicro,2026-03-30T13:55:30Z
2001-11-01,-1422.0,0,series_0,171,US - Nonfarm Payrolls (Yearly Change) vs. GDP,macromicro,2026-03-30T13:55:30Z
2001-12-01,-1735.0,0,series_0,171,US - Nonfarm Payrolls (Yearly Change) vs. GDP,macromicro,2026-03-30T13:55:30Z
2002-01-01,-1847.0,0,series_0,171,US - Nonfarm Payrolls (Yearly Change) vs. GDP,macromicro,2026-03-30T13:55:30Z
2002-02-01,-2052.0,0,series_0,171,US - Nonfarm Payrolls (Yearly Change) vs. GDP,macromicro,2026-03-30T13:55:30Z
2002-03-01,-2047.0,0,series_0,171,US - Nonfarm Payrolls (Yearly Change) vs. GDP,macromicro,2026-03-30T13:55:30Z
2002-04-01,-1845.0,0,series_0,171,US - Nonfarm Payrolls (Yearly Change) vs. GDP,macromicro,2026-03-30T13:55:30Z
2002-05-01,-1815.0,0,series_0,171,US - Nonfarm Payrolls (Yearly Change) vs. GDP,macromicro,2026-03-30T13:55:30Z
2002-06-01,-1628.0,0,series_0,171,US - Nonfarm Payrolls (Yearly Change) vs. GDP,macromicro,2026-03-30T13:55:30Z
2002-07-01,-1600.0,0,series_0,171,US - Nonfarm Payrolls (Yearly Change) vs. GDP,macromicro,2026-03-30T13:55:30Z
2002-08-01,-1456.0,0,series_0,171,US - Nonfarm Payrolls (Yearly Change) vs. GDP,macromicro,2026-03-30T13:55:30Z
2002-09-01,-1275.0,0,series_0,171,US - Nonfarm Payrolls (Yearly Change) vs. GDP,macromicro,2026-03-30T13:55:30Z
2002-10-01,-825.0,0,series_0,171,US - Nonfarm Payrolls (Yearly Change) vs. GDP,macromicro,2026-03-30T13:55:30Z
2002-11-01,-521.0,0,series_0,171,US - Nonfarm Payrolls (Yearly Change) vs. GDP,macromicro,2026-03-30T13:55:30Z
2002-12-01,-507.0,0,series_0,171,US - Nonfarm Payrolls (Yearly Change) vs. GDP,macromicro,2026-03-30T13:55:30Z
2003-01-01,-277.0,0,series_0,171,US - Nonfarm Payrolls (Yearly Change) vs. GDP,macromicro,2026-03-30T13:55:30Z
2003-02-01,-294.0,0,series_0,171,US - Nonfarm Payrolls (Yearly Change) vs. GDP,macromicro,2026-03-30T13:55:30Z
2003-03-01,-484.0,0,series_0,171,US - Nonfarm Payrolls (Yearly Change) vs. GDP,macromicro,2026-03-30T13:55:30Z
2003-04-01,-448.0,0,series_0,171,US - Nonfarm Payrolls (Yearly Change) vs. GDP,macromicro,2026-03-30T13:55:30Z
2003-05-01,-450.0,0,series_0,171,US - Nonfarm Payrolls (Yearly Change) vs. GDP,macromicro,2026-03-30T13:55:30Z
2003-06-01,-497.0,0,series_0,171,US - Nonfarm Payrolls (Yearly Change) vs. GDP,macromicro,2026-03-30T13:55:30Z
2003-07-01,-389.0,0,series_0,171,US - Nonfarm Payrolls (Yearly Change) vs. GDP,macromicro,2026-03-30T13:55:30Z
2003-08-01,-416.0,0,series_0,171,US - Nonfarm Payrolls (Yearly Change) vs. GDP,macromicro,2026-03-30T13:55:30Z
2003-09-01,-253.0,0,series_0,171,US - Nonfarm Payrolls (Yearly Change) vs. GDP,macromicro,2026-03-30T13:55:30Z
2003-10-01,-182.0,0,series_0,171,US - Nonfarm Payrolls (Yearly Change) vs. GDP,macromicro,2026-03-30T13:55:30Z
2003-11-01,-175.0,0,series_0,171,US - Nonfarm Payrolls (Yearly Change) vs. GDP,macromicro,2026-03-30T13:55:30Z
2003-12-01,105.0,0,series_0,171,US - Nonfarm Payrolls (Yearly Change) vs. GDP,macromicro,2026-03-30T13:55:30Z
2004-01-01,174.0,0,series_0,171,US - Nonfarm Payrolls (Yearly Change) vs. GDP,macromicro,2026-03-30T13:55:30Z
2004-02-01,371.0,0,series_0,171,US - Nonfarm Payrolls (Yearly Change) vs. GDP,macromicro,2026-03-30T13:55:30Z
2004-03-01,912.0,0,series_0,171,US - Nonfarm Payrolls (Yearly Change) vs. GDP,macromicro,2026-03-30T13:55:30Z
2004-04-01,1204.0,0,series_0,171,US - Nonfarm Payrolls (Yearly Change) vs. GDP,macromicro,2026-03-30T13:55:30Z
2004-05-01,1522.0,0,series_0,171,US - Nonfarm Payrolls (Yearly Change) vs. GDP,macromicro,2026-03-30T13:55:30Z
2004-06-01,1587.0,0,series_0,171,US - Nonfarm Payrolls (Yearly Change) vs. GDP,macromicro,2026-03-30T13:55:30Z
2004-07-01,1596.0,0,series_0,171,US - Nonfarm Payrolls (Yearly Change) vs. GDP,macromicro,2026-03-30T13:55:30Z
2004-08-01,1771.0,0,series_0,171,US - Nonfarm Payrolls (Yearly Change) vs. GDP,macromicro,2026-03-30T13:55:30Z
2004-09-01,1830.0,0,series_0,171,US - Nonfarm Payrolls (Yearly Change) vs. GDP,macromicro,2026-03-30T13:55:30Z
2004-10-01,1979.0,0,series_0,171,US - Nonfarm Payrolls (Yearly Change) vs. GDP,macromicro,2026-03-30T13:55:30Z
2004-11-01,2026.0,0,series_0,171,US - Nonfarm Payrolls (Yearly Change) vs. GDP,macromicro,2026-03-30T13:55:30Z
2004-12-01,2032.0,0,series_0,171,US - Nonfarm Payrolls (Yearly Change) vs. GDP,macromicro,2026-03-30T13:55:30Z
2005-01-01,2006.0,0,series_0,171,US - Nonfarm Payrolls (Yearly Change) vs. GDP,macromicro,2026-03-30T13:55:30Z
2005-02-01,2199.0,0,series_0,171,US - Nonfarm Payrolls (Yearly Change) vs. GDP,macromicro,2026-03-30T13:55:30Z
2005-03-01,2003.0,0,series_0,171,US - Nonfarm Payrolls (Yearly Change) vs. GDP,macromicro,2026-03-30T13:55:30Z
2005-04-01,2118.0,0,series_0,171,US - Nonfarm Payrolls (Yearly Change) vs. GDP,macromicro,2026-03-30T13:55:30Z
2005-05-01,1986.0,0,series_0,171,US - Nonfarm Payrolls (Yearly Change) vs. GDP,macromicro,2026-03-30T13:55:30Z
2005-06-01,2155.0,0,series_0,171,US - Nonfarm Payrolls (Yearly Change) vs. GDP,macromicro,2026-03-30T13:55:30Z
2005-07-01,2497.0,0,series_0,171,US - Nonfarm Payrolls (Yearly Change) vs. GDP,macromicro,2026-03-30T13:55:30Z
2005-08-01,2561.0,0,series_0,171,US - Nonfarm Payrolls (Yearly Change) vs. GDP,macromicro,2026-03-30T13:55:30Z
2005-09-01,2465.0,0,series_0,171,US - Nonfarm Payrolls (Yearly Change) vs. GDP,macromicro,2026-03-30T13:55:30Z
2005-10-01,2204.0,0,series_0,171,US - Nonfarm Payrolls (Yearly Change) vs. GDP,macromicro,2026-03-30T13:55:30Z
2005-11-01,2477.0,0,series_0,171,US - Nonfarm Payrolls (Yearly Change) vs. GDP,macromicro,2026-03-30T13:55:30Z
2005-12-01,2506.0,0,series_0,171,US - Nonfarm Payrolls (Yearly Change) vs. GDP,macromicro,2026-03-30T13:55:30Z
2006-01-01,2649.0,0,series_0,171,US - Nonfarm Payrolls (Yearly Change) vs. GDP,macromicro,2026-03-30T13:55:30Z
2006-02-01,2725.0,0,series_0,171,US - Nonfarm Payrolls (Yearly Change) vs. GDP,macromicro,2026-03-30T13:55:30Z
2006-03-01,2871.0,0,series_0,171,US - Nonfarm Payrolls (Yearly Change) vs. GDP,macromicro,2026-03-30T13:55:30Z
2006-04-01,2690.0,0,series_0,171,US - Nonfarm Payrolls (Yearly Change) vs. GDP,macromicro,2026-03-30T13:55:30Z
2006-05-01,2538.0,0,series_0,171,US - Nonfarm Payrolls (Yearly Change) vs. GDP,macromicro,2026-03-30T13:55:30Z
2006-06-01,2372.0,0,series_0,171,US - Nonfarm Payrolls (Yearly Change) vs. GDP,macromicro,2026-03-30T13:55:30Z
2006-07-01,2203.0,0,series_0,171,US - Nonfarm Payrolls (Yearly Change) vs. GDP,macromicro,2026-03-30T13:55:30Z
2006-08-01,2192.0,0,series_0,171,US - Nonfarm Payrolls (Yearly Change) vs. GDP,macromicro,2026-03-30T13:55:30Z
2006-09-01,2282.0,0,series_0,171,US - Nonfarm Payrolls (Yearly Change) vs. GDP,macromicro,2026-03-30T13:55:30Z
2006-10-01,2201.0,0,series_0,171,US - Nonfarm Payrolls (Yearly Change) vs. GDP,macromicro,2026-03-30T13:55:30Z
2006-11-01,2073.0,0,series_0,171,US - Nonfarm Payrolls (Yearly Change) vs. GDP,macromicro,2026-03-30T13:55:30Z
2006-12-01,2087.0,0,series_0,171,US - Nonfarm Payrolls (Yearly Change) vs. GDP,macromicro,2026-03-30T13:55:30Z
2007-01-01,2047.0,0,series_0,171,US - Nonfarm Payrolls (Yearly Change) vs. GDP,macromicro,2026-03-30T13:55:30Z
2007-02-01,1820.0,0,series_0,171,US - Nonfarm Payrolls (Yearly Change) vs. GDP,macromicro,2026-03-30T13:55:30Z
2007-03-01,1727.0,0,series_0,171,US - Nonfarm Payrolls (Yearly Change) vs. GDP,macromicro,2026-03-30T13:55:30Z
2007-04-01,1623.0,0,series_0,171,US - Nonfarm Payrolls (Yearly Change) vs. GDP,macromicro,2026-03-30T13:55:30Z
2007-05-01,1744.0,0,series_0,171,US - Nonfarm Payrolls (Yearly Change) vs. GDP,macromicro,2026-03-30T13:55:30Z
2007-06-01,1738.0,0,series_0,171,US - Nonfarm Payrolls (Yearly Change) vs. GDP,macromicro,2026-03-30T13:55:30Z
2007-07-01,1498.0,0,series_0,171,US - Nonfarm Payrolls (Yearly Change) vs. GDP,macromicro,2026-03-30T13:55:30Z
2007-08-01,1296.0,0,series_0,171,US - Nonfarm Payrolls (Yearly Change) vs. GDP,macromicro,2026-03-30T13:55:30Z
2007-09-01,1226.0,0,series_0,171,US - Nonfarm Payrolls (Yearly Change) vs. GDP,macromicro,2026-03-30T13:55:30Z
2007-10-01,1306.0,0,series_0,171,US - Nonfarm Payrolls (Yearly Change) vs. GDP,macromicro,2026-03-30T13:55:30Z
2007-11-01,1214.0,0,series_0,171,US - Nonfarm Payrolls (Yearly Change) vs. GDP,macromicro,2026-03-30T13:55:30Z
2007-12-01,1139.0,0,series_0,171,US - Nonfarm Payrolls (Yearly Change) vs. GDP,macromicro,2026-03-30T13:55:30Z
2008-01-01,917.0,0,series_0,171,US - Nonfarm Payrolls (Yearly Change) vs. GDP,macromicro,2026-03-30T13:55:30Z
2008-02-01,742.0,0,series_0,171,US - Nonfarm Payrolls (Yearly Change) vs. GDP,macromicro,2026-03-30T13:55:30Z
2008-03-01,475.0,0,series_0,171,US - Nonfarm Payrolls (Yearly Change) vs. GDP,macromicro,2026-03-30T13:55:30Z
2008-04-01,184.0,0,series_0,171,US - Nonfarm Payrolls (Yearly Change) vs. GDP,macromicro,2026-03-30T13:55:30Z
2008-05-01,-144.0,0,series_0,171,US - Nonfarm Payrolls (Yearly Change) vs. GDP,macromicro,2026-03-30T13:55:30Z
2008-06-01,-387.0,0,series_0,171,US - Nonfarm Payrolls (Yearly Change) vs. GDP,macromicro,2026-03-30T13:55:30Z
2008-07-01,-563.0,0,series_0,171,US - Nonfarm Payrolls (Yearly Change) vs. GDP,macromicro,2026-03-30T13:55:30Z
2008-08-01,-805.0,0,series_0,171,US - Nonfarm Payrolls (Yearly Change) vs. GDP,macromicro,2026-03-30T13:55:30Z
2008-09-01,-1343.0,0,series_0,171,US - Nonfarm Payrolls (Yearly Change) vs. GDP,macromicro,2026-03-30T13:55:30Z
2008-10-01,-1902.0,0,series_0,171,US - Nonfarm Payrolls (Yearly Change) vs. GDP,macromicro,2026-03-30T13:55:30Z
2008-11-01,-2784.0,0,series_0,171,US - Nonfarm Payrolls (Yearly Change) vs. GDP,macromicro,2026-03-30T13:55:30Z
2008-12-01,-3577.0,0,series_0,171,US - Nonfarm Payrolls (Yearly Change) vs. GDP,macromicro,2026-03-30T13:55:30Z
2009-01-01,-4388.0,0,series_0,171,US - Nonfarm Payrolls (Yearly Change) vs. GDP,macromicro,2026-03-30T13:55:30Z
2009-02-01,-5004.0,0,series_0,171,US - Nonfarm Payrolls (Yearly Change) vs. GDP,macromicro,2026-03-30T13:55:30Z
2009-03-01,-5749.0,0,series_0,171,US - Nonfarm Payrolls (Yearly Change) vs. GDP,macromicro,2026-03-30T13:55:30Z
2009-04-01,-6220.0,0,series_0,171,US - Nonfarm Payrolls (Yearly Change) vs. GDP,macromicro,2026-03-30T13:55:30Z
2009-05-01,-6392.0,0,series_0,171,US - Nonfarm Payrolls (Yearly Change) vs. GDP,macromicro,2026-03-30T13:55:30Z
2009-06-01,-6687.0,0,series_0,171,US - Nonfarm Payrolls (Yearly Change) vs. GDP,macromicro,2026-03-30T13:55:30Z
2009-07-01,-6802.0,0,series_0,171,US - Nonfarm Payrolls (Yearly Change) vs. GDP,macromicro,2026-03-30T13:55:30Z
2009-08-01,-6760.0,0,series_0,171,US - Nonfarm Payrolls (Yearly Change) vs. GDP,macromicro,2026-03-30T13:55:30Z
2009-09-01,-6535.0,0,series_0,171,US - Nonfarm Payrolls (Yearly Change) vs. GDP,macromicro,2026-03-30T13:55:30Z
2009-10-01,-6260.0,0,series_0,171,US - Nonfarm Payrolls (Yearly Change) vs. GDP,macromicro,2026-03-30T13:55:30Z
2009-11-01,-5501.0,0,series_0,171,US - Nonfarm Payrolls (Yearly Change) vs. GDP,macromicro,2026-03-30T13:55:30Z
2009-12-01,-5088.0,0,series_0,171,US - Nonfarm Payrolls (Yearly Change) vs. GDP,macromicro,2026-03-30T13:55:30Z
2010-01-01,-4187.0,0,series_0,171,US - Nonfarm Payrolls (Yearly Change) vs. GDP,macromicro,2026-03-30T13:55:30Z
2010-02-01,-3576.0,0,series_0,171,US - Nonfarm Payrolls (Yearly Change) vs. GDP,macromicro,2026-03-30T13:55:30Z
2010-03-01,-2571.0,0,series_0,171,US - Nonfarm Payrolls (Yearly Change) vs. GDP,macromicro,2026-03-30T13:55:30Z
2010-04-01,-1656.0,0,series_0,171,US - Nonfarm Payrolls (Yearly Change) vs. GDP,macromicro,2026-03-30T13:55:30Z
2010-05-01,-761.0,0,series_0,171,US - Nonfarm Payrolls (Yearly Change) vs. GDP,macromicro,2026-03-30T13:55:30Z
2010-06-01,-433.0,0,series_0,171,US - Nonfarm Payrolls (Yearly Change) vs. GDP,macromicro,2026-03-30T13:55:30Z
2010-07-01,-192.0,0,series_0,171,US - Nonfarm Payrolls (Yearly Change) vs. GDP,macromicro,2026-03-30T13:55:30Z
2010-08-01,20.0,0,series_0,171,US - Nonfarm Payrolls (Yearly Change) vs. GDP,macromicro,2026-03-30T13:55:30Z
2010-09-01,182.0,0,series_0,171,US - Nonfarm Payrolls (Yearly Change) vs. GDP,macromicro,2026-03-30T13:55:30Z
2010-10-01,651.0,0,series_0,171,US - Nonfarm Payrolls (Yearly Change) vs. GDP,macromicro,2026-03-30T13:55:30Z
2010-11-01,782.0,0,series_0,171,US - Nonfarm Payrolls (Yearly Change) vs. GDP,macromicro,2026-03-30T13:55:30Z
2010-12-01,1137.0,0,series_0,171,US - Nonfarm Payrolls (Yearly Change) vs. GDP,macromicro,2026-03-30T13:55:30Z
2011-01-01,1051.0,0,series_0,171,US - Nonfarm Payrolls (Yearly Change) vs. GDP,macromicro,2026-03-30T13:55:30Z
2011-02-01,1355.0,0,series_0,171,US - Nonfarm Payrolls (Yearly Change) vs. GDP,macromicro,2026-03-30T13:55:30Z
2011-03-01,1409.0,0,series_0,171,US - Nonfarm Payrolls (Yearly Change) vs. GDP,macromicro,2026-03-30T13:55:30Z
2011-04-01,1492.0,0,series_0,171,US - Nonfarm Payrolls (Yearly Change) vs. GDP,macromicro,2026-03-30T13:55:30Z
2011-05-01,1053.0,0,series_0,171,US - Nonfarm Payrolls (Yearly Change) vs. GDP,macromicro,2026-03-30T13:55:30Z
2011-06-01,1428.0,0,series_0,171,US - Nonfarm Payrolls (Yearly Change) vs. GDP,macromicro,2026-03-30T13:55:30Z
2011-07-01,1572.0,0,series_0,171,US - Nonfarm Payrolls (Yearly Change) vs. GDP,macromicro,2026-03-30T13:55:30Z
2011-08-01,1703.0,0,series_0,171,US - Nonfarm Payrolls (Yearly Change) vs. GDP,macromicro,2026-03-30T13:55:30Z
2011-09-01,2001.0,0,series_0,171,US - Nonfarm Payrolls (Yearly Change) vs. GDP,macromicro,2026-03-30T13:55:30Z
2011-10-01,1937.0,0,series_0,171,US - Nonfarm Payrolls (Yearly Change) vs. GDP,macromicro,2026-03-30T13:55:30Z
2011-11-01,1944.0,0,series_0,171,US - Nonfarm Payrolls (Yearly Change) vs. GDP,macromicro,2026-03-30T13:55:30Z
2011-12-01,2074.0,0,series_0,171,US - Nonfarm Payrolls (Yearly Change) vs. GDP,macromicro,2026-03-30T13:55:30Z
2012-01-01,2409.0,0,series_0,171,US - Nonfarm Payrolls (Yearly Change) vs. GDP,macromicro,2026-03-30T13:55:30Z
2012-02-01,2459.0,0,series_0,171,US - Nonfarm Payrolls (Yearly Change) vs. GDP,macromicro,2026-03-30T13:55:30Z
2012-03-01,2464.0,0,series_0,171,US - Nonfarm Payrolls (Yearly Change) vs. GDP,macromicro,2026-03-30T13:55:30Z
2012-04-01,2232.0,0,series_0,171,US - Nonfarm Payrolls (Yearly Change) vs. GDP,macromicro,2026-03-30T13:55:30Z
2012-05-01,2231.0,0,series_0,171,US - Nonfarm Payrolls (Yearly Change) vs. GDP,macromicro,2026-03-30T13:55:30Z
2012-06-01,2068.0,0,series_0,171,US - Nonfarm Payrolls (Yearly Change) vs. GDP,macromicro,2026-03-30T13:55:30Z
2012-07-01,2160.0,0,series_0,171,US - Nonfarm Payrolls (Yearly Change) vs. GDP,macromicro,2026-03-30T13:55:30Z
2012-08-01,2206.0,0,series_0,171,US - Nonfarm Payrolls (Yearly Change) vs. GDP,macromicro,2026-03-30T13:55:30Z
2012-09-01,2160.0,0,series_0,171,US - Nonfarm Payrolls (Yearly Change) vs. GDP,macromicro,2026-03-30T13:55:30Z
2012-10-01,2115.0,0,series_0,171,US - Nonfarm Payrolls (Yearly Change) vs. GDP,macromicro,2026-03-30T13:55:30Z
2012-11-01,2139.0,0,series_0,171,US - Nonfarm Payrolls (Yearly Change) vs. GDP,macromicro,2026-03-30T13:55:30Z
2012-12-01,2176.0,0,series_0,171,US - Nonfarm Payrolls (Yearly Change) vs. GDP,macromicro,2026-03-30T13:55:30Z
2013-01-01,2013.0,0,series_0,171,US - Nonfarm Payrolls (Yearly Change) vs. GDP,macromicro,2026-03-30T13:55:30Z
2013-02-01,2029.0,0,series_0,171,US - Nonfarm Payrolls (Yearly Change) vs. GDP,macromicro,2026-03-30T13:55:30Z
2013-03-01,1928.0,0,series_0,171,US - Nonfarm Payrolls (Yearly Change) vs. GDP,macromicro,2026-03-30T13:55:30Z
2013-04-01,2037.0,0,series_0,171,US - Nonfarm Payrolls (Yearly Change) vs. GDP,macromicro,2026-03-30T13:55:30Z
2013-05-01,2159.0,0,series_0,171,US - Nonfarm Payrolls (Yearly Change) vs. GDP,macromicro,2026-03-30T13:55:30Z
2013-06-01,2267.0,0,series_0,171,US - Nonfarm Payrolls (Yearly Change) vs. GDP,macromicro,2026-03-30T13:55:30Z
2013-07-01,2227.0,0,series_0,171,US - Nonfarm Payrolls (Yearly Change) vs. GDP,macromicro,2026-03-30T13:55:30Z
2013-08-01,2297.0,0,series_0,171,US - Nonfarm Payrolls (Yearly Change) vs. GDP,macromicro,2026-03-30T13:55:30Z
2013-09-01,2297.0,0,series_0,171,US - Nonfarm Payrolls (Yearly Change) vs. GDP,macromicro,2026-03-30T13:55:30Z
2013-10-01,2363.0,0,series_0,171,US - Nonfarm Payrolls (Yearly Change) vs. GDP,macromicro,2026-03-30T13:55:30Z
2013-11-01,2471.0,0,series_0,171,US - Nonfarm Payrolls (Yearly Change) vs. GDP,macromicro,2026-03-30T13:55:30Z
2013-12-01,2301.0,0,series_0,171,US - Nonfarm Payrolls (Yearly Change) vs. GDP,macromicro,2026-03-30T13:55:30Z
2014-01-01,2285.0,0,series_0,171,US - Nonfarm Payrolls (Yearly Change) vs. GDP,macromicro,2026-03-30T13:55:30Z
2014-02-01,2173.0,0,series_0,171,US - Nonfarm Payrolls (Yearly Change) vs. GDP,macromicro,2026-03-30T13:55:30Z
2014-03-01,2288.0,0,series_0,171,US - Nonfarm Payrolls (Yearly Change) vs. GDP,macromicro,2026-03-30T13:55:30Z
2014-04-01,2422.0,0,series_0,171,US - Nonfarm Payrolls (Yearly Change) vs. GDP,macromicro,2026-03-30T13:55:30Z
2014-05-01,2418.0,0,series_0,171,US - Nonfarm Payrolls (Yearly Change) vs. GDP,macromicro,2026-03-30T13:55:30Z
2014-06-01,2563.0,0,series_0,171,US - Nonfarm Payrolls (Yearly Change) vs. GDP,macromicro,2026-03-30T13:55:30Z
2014-07-01,2683.0,0,series_0,171,US - Nonfarm Payrolls (Yearly Change) vs. GDP,macromicro,2026-03-30T13:55:30Z
2014-08-01,2629.0,0,series_0,171,US - Nonfarm Payrolls (Yearly Change) vs. GDP,macromicro,2026-03-30T13:55:30Z
2014-09-01,2751.0,0,series_0,171,US - Nonfarm Payrolls (Yearly Change) vs. GDP,macromicro,2026-03-30T13:55:30Z
2014-10-01,2778.0,0,series_0,171,US - Nonfarm Payrolls (Yearly Change) vs. GDP,macromicro,2026-03-30T13:55:30Z
2014-11-01,2805.0,0,series_0,171,US - Nonfarm Payrolls (Yearly Change) vs. GDP,macromicro,2026-03-30T13:55:30Z
2014-12-01,3004.0,0,series_0,171,US - Nonfarm Payrolls (Yearly Change) vs. GDP,macromicro,2026-03-30T13:55:30Z
2015-01-01,3020.0,0,series_0,171,US - Nonfarm Payrolls (Yearly Change) vs. GDP,macromicro,2026-03-30T13:55:30Z
2015-02-01,3125.0,0,series_0,171,US - Nonfarm Payrolls (Yearly Change) vs. GDP,macromicro,2026-03-30T13:55:30Z
2015-03-01,2942.0,0,series_0,171,US - Nonfarm Payrolls (Yearly Change) vs. GDP,macromicro,2026-03-30T13:55:30Z
2015-04-01,2901.0,0,series_0,171,US - Nonfarm Payrolls (Yearly Change) vs. GDP,macromicro,2026-03-30T13:55:30Z
2015-05-01,3014.0,0,series_0,171,US - Nonfarm Payrolls (Yearly Change) vs. GDP,macromicro,2026-03-30T13:55:30Z
2015-06-01,2862.0,0,series_0,171,US - Nonfarm Payrolls (Yearly Change) vs. GDP,macromicro,2026-03-30T13:55:30Z
2015-07-01,2932.0,0,series_0,171,US - Nonfarm Payrolls (Yearly Change) vs. GDP,macromicro,2026-03-30T13:55:30Z
2015-08-01,2869.0,0,series_0,171,US - Nonfarm Payrolls (Yearly Change) vs. GDP,macromicro,2026-03-30T13:55:30Z
2015-09-01,2715.0,0,series_0,171,US - Nonfarm Payrolls (Yearly Change) vs. GDP,macromicro,2026-03-30T13:55:30Z
2015-10-01,2769.0,0,series_0,171,US - Nonfarm Payrolls (Yearly Change) vs. GDP,macromicro,2026-03-30T13:55:30Z
2015-11-01,2715.0,0,series_0,171,US - Nonfarm Payrolls (Yearly Change) vs. GDP,macromicro,2026-03-30T13:55:30Z
2015-12-01,2720.0,0,series_0,171,US - Nonfarm Payrolls (Yearly Change) vs. GDP,macromicro,2026-03-30T13:55:30Z
2016-01-01,2637.0,0,series_0,171,US - Nonfarm Payrolls (Yearly Change) vs. GDP,macromicro,2026-03-30T13:55:30Z
2016-02-01,2578.0,0,series_0,171,US - Nonfarm Payrolls (Yearly Change) vs. GDP,macromicro,2026-03-30T13:55:30Z
2016-03-01,2744.0,0,series_0,171,US - Nonfarm Payrolls (Yearly Change) vs. GDP,macromicro,2026-03-30T13:55:30Z
2016-04-01,2657.0,0,series_0,171,US - Nonfarm Payrolls (Yearly Change) vs. GDP,macromicro,2026-03-30T13:55:30Z
2016-05-01,2367.0,0,series_0,171,US - Nonfarm Payrolls (Yearly Change) vs. GDP,macromicro,2026-03-30T13:55:30Z
2016-06-01,2451.0,0,series_0,171,US - Nonfarm Payrolls (Yearly Change) vs. GDP,macromicro,2026-03-30T13:55:30Z
2016-07-01,2520.0,0,series_0,171,US - Nonfarm Payrolls (Yearly Change) vs. GDP,macromicro,2026-03-30T13:55:30Z
2016-08-01,2538.0,0,series_0,171,US - Nonfarm Payrolls (Yearly Change) vs. GDP,macromicro,2026-03-30T13:55:30Z
2016-09-01,2672.0,0,series_0,171,US - Nonfarm Payrolls (Yearly Change) vs. GDP,macromicro,2026-03-30T13:55:30Z
2016-10-01,2484.0,0,series_0,171,US - Nonfarm Payrolls (Yearly Change) vs. GDP,macromicro,2026-03-30T13:55:30Z
2016-11-01,2377.0,0,series_0,171,US - Nonfarm Payrolls (Yearly Change) vs. GDP,macromicro,2026-03-30T13:55:30Z
2016-12-01,2318.0,0,series_0,171,US - Nonfarm Payrolls (Yearly Change) vs. GDP,macromicro,2026-03-30T13:55:30Z
2017-01-01,2423.0,0,series_0,171,US - Nonfarm Payrolls (Yearly Change) vs. GDP,macromicro,2026-03-30T13:55:30Z
2017-02-01,2401.0,0,series_0,171,US - Nonfarm Payrolls (Yearly Change) vs. GDP,macromicro,2026-03-30T13:55:30Z
2017-03-01,2306.0,0,series_0,171,US - Nonfarm Payrolls (Yearly Change) vs. GDP,macromicro,2026-03-30T13:55:30Z
2017-04-01,2314.0,0,series_0,171,US - Nonfarm Payrolls (Yearly Change) vs. GDP,macromicro,2026-03-30T13:55:30Z
2017-05-01,2496.0,0,series_0,171,US - Nonfarm Payrolls (Yearly Change) vs. GDP,macromicro,2026-03-30T13:55:30Z
2017-06-01,2435.0,0,series_0,171,US - Nonfarm Payrolls (Yearly Change) vs. GDP,macromicro,2026-03-30T13:55:30Z
2017-07-01,2247.0,0,series_0,171,US - Nonfarm Payrolls (Yearly Change) vs. GDP,macromicro,2026-03-30T13:55:30Z
2017-08-01,2249.0,0,series_0,171,US - Nonfarm Payrolls (Yearly Change) vs. GDP,macromicro,2026-03-30T13:55:30Z
2017-09-01,2059.0,0,series_0,171,US - Nonfarm Payrolls (Yearly Change) vs. GDP,macromicro,2026-03-30T13:55:30Z
2017-10-01,2082.0,0,series_0,171,US - Nonfarm Payrolls (Yearly Change) vs. GDP,macromicro,2026-03-30T13:55:30Z
2017-11-01,2152.0,0,series_0,171,US - Nonfarm Payrolls (Yearly Change) vs. GDP,macromicro,2026-03-30T13:55:30Z
2017-12-01,2114.0,0,series_0,171,US - Nonfarm Payrolls (Yearly Change) vs. GDP,macromicro,2026-03-30T13:55:30Z
2018-01-01,2034.0,0,series_0,171,US - Nonfarm Payrolls (Yearly Change) vs. GDP,macromicro,2026-03-30T13:55:30Z
2018-02-01,2246.0,0,series_0,171,US - Nonfarm Payrolls (Yearly Change) vs. GDP,macromicro,2026-03-30T13:55:30Z
2018-03-01,2329.0,0,series_0,171,US - Nonfarm Payrolls (Yearly Change) vs. GDP,macromicro,2026-03-30T13:55:30Z
2018-04-01,2303.0,0,series_0,171,US - Nonfarm Payrolls (Yearly Change) vs. GDP,macromicro,2026-03-30T13:55:30Z
2018-05-01,2413.0,0,series_0,171,US - Nonfarm Payrolls (Yearly Change) vs. GDP,macromicro,2026-03-30T13:55:30Z
2018-06-01,2399.0,0,series_0,171,US - Nonfarm Payrolls (Yearly Change) vs. GDP,macromicro,2026-03-30T13:55:30Z
2018-07-01,2282.0,0,series_0,171,US - Nonfarm Payrolls (Yearly Change) vs. GDP,macromicro,2026-03-30T13:55:30Z
2018-08-01,2356.0,0,series_0,171,US - Nonfarm Payrolls (Yearly Change) vs. GDP,macromicro,2026-03-30T13:55:30Z
2018-09-01,2314.0,0,series_0,171,US - Nonfarm Payrolls (Yearly Change) vs. GDP,macromicro,2026-03-30T13:55:30Z
2018-10-01,2318.0,0,series_0,171,US - Nonfarm Payrolls (Yearly Change) vs. GDP,macromicro,2026-03-30T13:55:30Z
2018-11-01,2220.0,0,series_0,171,US - Nonfarm Payrolls (Yearly Change) vs. GDP,macromicro,2026-03-30T13:55:30Z
2018-12-01,2292.0,0,series_0,171,US - Nonfarm Payrolls (Yearly Change) vs. GDP,macromicro,2026-03-30T13:55:30Z
2019-01-01,2438.0,0,series_0,171,US - Nonfarm Payrolls (Yearly Change) vs. GDP,macromicro,2026-03-30T13:55:30Z
2019-02-01,2060.0,0,series_0,171,US - Nonfarm Payrolls (Yearly Change) vs. GDP,macromicro,2026-03-30T13:55:30Z
2019-03-01,2059.0,0,series_0,171,US - Nonfarm Payrolls (Yearly Change) vs. GDP,macromicro,2026-03-30T13:55:30Z
2019-04-01,2168.0,0,series_0,171,US - Nonfarm Payrolls (Yearly Change) vs. GDP,macromicro,2026-03-30T13:55:30Z
2019-05-01,1912.0,0,series_0,171,US - Nonfarm Payrolls (Yearly Change) vs. GDP,macromicro,2026-03-30T13:55:30Z
2019-06-01,1859.0,0,series_0,171,US - Nonfarm Payrolls (Yearly Change) vs. GDP,macromicro,2026-03-30T13:55:30Z
2019-07-01,1871.0,0,series_0,171,US - Nonfarm Payrolls (Yearly Change) vs. GDP,macromicro,2026-03-30T13:55:30Z
2019-08-01,1812.0,0,series_0,171,US - Nonfarm Payrolls (Yearly Change) vs. GDP,macromicro,2026-03-30T13:55:30Z
2019-09-01,1918.0,0,series_0,171,US - Nonfarm Payrolls (Yearly Change) vs. GDP,macromicro,2026-03-30T13:55:30Z
2019-10-01,1866.0,0,series_0,171,US - Nonfarm Payrolls (Yearly Change) vs. GDP,macromicro,2026-03-30T13:55:30Z
2019-11-01,2016.0,0,series_0,171,US - Nonfarm Payrolls (Yearly Change) vs. GDP,macromicro,2026-03-30T13:55:30Z
2019-12-01,1968.0,0,series_0,171,US - Nonfarm Payrolls (Yearly Change) vs. GDP,macromicro,2026-03-30T13:55:30Z
2020-01-01,2028.0,0,series_0,171,US - Nonfarm Payrolls (Yearly Change) vs. GDP,macromicro,2026-03-30T13:55:30Z
2020-02-01,2380.0,0,series_0,171,US - Nonfarm Payrolls (Yearly Change) vs. GDP,macromicro,2026-03-30T13:55:30Z
2020-03-01,658.0,0,series_0,171,US - Nonfarm Payrolls (Yearly Change) vs. GDP,macromicro,2026-03-30T13:55:30Z
2020-04-01,-20123.0,0,series_0,171,US - Nonfarm Payrolls (Yearly Change) vs. GDP,macromicro,2026-03-30T13:55:30Z
2020-05-01,-17558.0,0,series_0,171,US - Nonfarm Payrolls (Yearly Change) vs. GDP,macromicro,2026-03-30T13:55:30Z
2020-06-01,-13183.0,0,series_0,171,US - Nonfarm Payrolls (Yearly Change) vs. GDP,macromicro,2026-03-30T13:55:30Z
2020-07-01,-11873.0,0,series_0,171,US - Nonfarm Payrolls (Yearly Change) vs. GDP,macromicro,2026-03-30T13:55:30Z
2020-08-01,-10368.0,0,series_0,171,US - Nonfarm Payrolls (Yearly Change) vs. GDP,macromicro,2026-03-30T13:55:30Z
2020-09-01,-9612.0,0,series_0,171,US - Nonfarm Payrolls (Yearly Change) vs. GDP,macromicro,2026-03-30T13:55:30Z
2020-10-01,-9058.0,0,series_0,171,US - Nonfarm Payrolls (Yearly Change) vs. GDP,macromicro,2026-03-30T13:55:30Z
2020-11-01,-8977.0,0,series_0,171,US - Nonfarm Payrolls (Yearly Change) vs. GDP,macromicro,2026-03-30T13:55:30Z
2020-12-01,-9292.0,0,series_0,171,US - Nonfarm Payrolls (Yearly Change) vs. GDP,macromicro,2026-03-30T13:55:30Z
2021-01-01,-9159.0,0,series_0,171,US - Nonfarm Payrolls (Yearly Change) vs. GDP,macromicro,2026-03-30T13:55:30Z
2021-02-01,-8960.0,0,series_0,171,US - Nonfarm Payrolls (Yearly Change) vs. GDP,macromicro,2026-03-30T13:55:30Z
2021-03-01,-6678.0,0,series_0,171,US - Nonfarm Payrolls (Yearly Change) vs. GDP,macromicro,2026-03-30T13:55:30Z
2021-04-01,14101.0,0,series_0,171,US - Nonfarm Payrolls (Yearly Change) vs. GDP,macromicro,2026-03-30T13:55:30Z
2021-05-01,11941.0,0,series_0,171,US - Nonfarm Payrolls (Yearly Change) vs. GDP,macromicro,2026-03-30T13:55:30Z
2021-06-01,8129.0,0,series_0,171,US - Nonfarm Payrolls (Yearly Change) vs. GDP,macromicro,2026-03-30T13:55:30Z
2021-07-01,7510.0,0,series_0,171,US - Nonfarm Payrolls (Yearly Change) vs. GDP,macromicro,2026-03-30T13:55:30Z
2021-08-01,6508.0,0,series_0,171,US - Nonfarm Payrolls (Yearly Change) vs. GDP,macromicro,2026-03-30T13:55:30Z
2021-09-01,6146.0,0,series_0,171,US - Nonfarm Payrolls (Yearly Change) vs. GDP,macromicro,2026-03-30T13:55:30Z
2021-10-01,6280.0,0,series_0,171,US - Nonfarm Payrolls (Yearly Change) vs. GDP,macromicro,2026-03-30T13:55:30Z
2021-11-01,6561.0,0,series_0,171,US - Nonfarm Payrolls (Yearly Change) vs. GDP,macromicro,2026-03-30T13:55:30Z
2021-12-01,7245.0,0,series_0,171,US - Nonfarm Payrolls (Yearly Change) vs. GDP,macromicro,2026-03-30T13:55:30Z
2022-01-01,7045.0,0,series_0,171,US - Nonfarm Payrolls (Yearly Change) vs. GDP,macromicro,2026-03-30T13:55:30Z
2022-02-01,7332.0,0,series_0,171,US - Nonfarm Payrolls (Yearly Change) vs. GDP,macromicro,2026-03-30T13:55:30Z
2022-03-01,7042.0,0,series_0,171,US - Nonfarm Payrolls (Yearly Change) vs. GDP,macromicro,2026-03-30T13:55:30Z
2022-04-01,7028.0,0,series_0,171,US - Nonfarm Payrolls (Yearly Change) vs. GDP,macromicro,2026-03-30T13:55:30Z
2022-05-01,6832.0,0,series_0,171,US - Nonfarm Payrolls (Yearly Change) vs. GDP,macromicro,2026-03-30T13:55:30Z
2022-06-01,6559.0,0,series_0,171,US - Nonfarm Payrolls (Yearly Change) vs. GDP,macromicro,2026-03-30T13:55:30Z
2022-07-01,6480.0,0,series_0,171,US - Nonfarm Payrolls (Yearly Change) vs. GDP,macromicro,2026-03-30T13:55:30Z
2022-08-01,6060.0,0,series_0,171,US - Nonfarm Payrolls (Yearly Change) vs. GDP,macromicro,2026-03-30T13:55:30Z
2022-09-01,5758.0,0,series_0,171,US - Nonfarm Payrolls (Yearly Change) vs. GDP,macromicro,2026-03-30T13:55:30Z
2022-10-01,5338.0,0,series_0,171,US - Nonfarm Payrolls (Yearly Change) vs. GDP,macromicro,2026-03-30T13:55:30Z
2022-11-01,4982.0,0,series_0,171,US - Nonfarm Payrolls (Yearly Change) vs. GDP,macromicro,2026-03-30T13:55:30Z
2022-12-01,4549.0,0,series_0,171,US - Nonfarm Payrolls (Yearly Change) vs. GDP,macromicro,2026-03-30T13:55:30Z
2023-01-01,4766.0,0,series_0,171,US - Nonfarm Payrolls (Yearly Change) vs. GDP,macromicro,2026-03-30T13:55:30Z
2023-02-01,4210.0,0,series_0,171,US - Nonfarm Payrolls (Yearly Change) vs. GDP,macromicro,2026-03-30T13:55:30Z
2023-03-01,3801.0,0,series_0,171,US - Nonfarm Payrolls (Yearly Change) vs. GDP,macromicro,2026-03-30T13:55:30Z
2023-04-01,3745.0,0,series_0,171,US - Nonfarm Payrolls (Yearly Change) vs. GDP,macromicro,2026-03-30T13:55:30Z
2023-05-01,3686.0,0,series_0,171,US - Nonfarm Payrolls (Yearly Change) vs. GDP,macromicro,2026-03-30T13:55:30Z
2023-06-01,3523.0,0,series_0,171,US - Nonfarm Payrolls (Yearly Change) vs. GDP,macromicro,2026-03-30T13:55:30Z
2023-07-01,2981.0,0,series_0,171,US - Nonfarm Payrolls (Yearly Change) vs. GDP,macromicro,2026-03-30T13:55:30Z
2023-08-01,2895.0,0,series_0,171,US - Nonfarm Payrolls (Yearly Change) vs. GDP,macromicro,2026-03-30T13:55:30Z
2023-09-01,2798.0,0,series_0,171,US - Nonfarm Payrolls (Yearly Change) vs. GDP,macromicro,2026-03-30T13:55:30Z
2023-10-01,2623.0,0,series_0,171,US - Nonfarm Payrolls (Yearly Change) vs. GDP,macromicro,2026-03-30T13:55:30Z
2023-11-01,2506.0,0,series_0,171,US - Nonfarm Payrolls (Yearly Change) vs. GDP,macromicro,2026-03-30T13:55:30Z
2023-12-01,2639.0,0,series_0,171,US - Nonfarm Payrolls (Yearly Change) vs. GDP,macromicro,2026-03-30T13:55:30Z
2024-01-01,2252.0,0,series_0,171,US - Nonfarm Payrolls (Yearly Change) vs. GDP,macromicro,2026-03-30T13:55:30Z
2024-02-01,2152.0,0,series_0,171,US - Nonfarm Payrolls (Yearly Change) vs. GDP,macromicro,2026-03-30T13:55:30Z
2024-03-01,2295.0,0,series_0,171,US - Nonfarm Payrolls (Yearly Change) vs. GDP,macromicro,2026-03-30T13:55:30Z
2024-04-01,2143.0,0,series_0,171,US - Nonfarm Payrolls (Yearly Change) vs. GDP,macromicro,2026-03-30T13:55:30Z
2024-05-01,1994.0,0,series_0,171,US - Nonfarm Payrolls (Yearly Change) vs. GDP,macromicro,2026-03-30T13:55:30Z
2024-06-01,1824.0,0,series_0,171,US - Nonfarm Payrolls (Yearly Change) vs. GDP,macromicro,2026-03-30T13:55:30Z
2024-07-01,1729.0,0,series_0,171,US - Nonfarm Payrolls (Yearly Change) vs. GDP,macromicro,2026-03-30T13:55:30Z
2024-08-01,1581.0,0,series_0,171,US - Nonfarm Payrolls (Yearly Change) vs. GDP,macromicro,2026-03-30T13:55:30Z
2024-09-01,1578.0,0,series_0,171,US - Nonfarm Payrolls (Yearly Change) vs. GDP,macromicro,2026-03-30T13:55:30Z
2024-10-01,1425.0,0,series_0,171,US - Nonfarm Payrolls (Yearly Change) vs. GDP,macromicro,2026-03-30T13:55:30Z
2024-11-01,1418.0,0,series_0,171,US - Nonfarm Payrolls (Yearly Change) vs. GDP,macromicro,2026-03-30T13:55:30Z
2024-12-01,1386.0,0,series_0,171,US - Nonfarm Payrolls (Yearly Change) vs. GDP,macromicro,2026-03-30T13:55:30Z
2025-01-01,1236.0,0,series_0,171,US - Nonfarm Payrolls (Yearly Change) vs. GDP,macromicro,2026-03-30T13:55:30Z
2025-02-01,1072.0,0,series_0,171,US - Nonfarm Payrolls (Yearly Change) vs. GDP,macromicro,2026-03-30T13:55:30Z
2025-03-01,911.0,0,series_0,171,US - Nonfarm Payrolls (Yearly Change) vs. GDP,macromicro,2026-03-30T13:55:30Z
2025-04-01,955.0,0,series_0,171,US - Nonfarm Payrolls (Yearly Change) vs. GDP,macromicro,2026-03-30T13:55:30Z
2025-05-01,890.0,0,series_0,171,US - Nonfarm Payrolls (Yearly Change) vs. GDP,macromicro,2026-03-30T13:55:30Z
2025-06-01,783.0,0,series_0,171,US - Nonfarm Payrolls (Yearly Change) vs. GDP,macromicro,2026-03-30T13:55:30Z
2025-07-01,794.0,0,series_0,171,US - Nonfarm Payrolls (Yearly Change) vs. GDP,macromicro,2026-03-30T13:55:30Z
2025-08-01,715.0,0,series_0,171,US - Nonfarm Payrolls (Yearly Change) vs. GDP,macromicro,2026-03-30T13:55:30Z
2025-09-01,636.0,0,series_0,171,US - Nonfarm Payrolls (Yearly Change) vs. GDP,macromicro,2026-03-30T13:55:30Z
2025-10-01,463.0,0,series_0,171,US - Nonfarm Payrolls (Yearly Change) vs. GDP,macromicro,2026-03-30T13:55:30Z
2025-11-01,370.0,0,series_0,171,US - Nonfarm Payrolls (Yearly Change) vs. GDP,macromicro,2026-03-30T13:55:30Z
2025-12-01,116.0,0,series_0,171,US - Nonfarm Payrolls (Yearly Change) vs. GDP,macromicro,2026-03-30T13:55:30Z
2026-01-01,290.0,0,series_0,171,US - Nonfarm Payrolls (Yearly Change) vs. GDP,macromicro,2026-03-30T13:55:30Z
2026-02-01,156.0,0,series_0,171,US - Nonfarm Payrolls (Yearly Change) vs. GDP,macromicro,2026-03-30T13:55:30Z
1980-01-01,1.4,1,series_1,171,US - Nonfarm Payrolls (Yearly Change) vs. GDP,macromicro,2026-03-30T13:55:30Z
1980-04-01,-0.8,1,series_1,171,US - Nonfarm Payrolls (Yearly Change) vs. GDP,macromicro,2026-03-30T13:55:30Z
1980-07-01,-1.6,1,series_1,171,US - Nonfarm Payrolls (Yearly Change) vs. GDP,macromicro,2026-03-30T13:55:30Z
1980-10-01,0.0,1,series_1,171,US - Nonfarm Payrolls (Yearly Change) vs. GDP,macromicro,2026-03-30T13:55:30Z
1981-01-01,1.6,1,series_1,171,US - Nonfarm Payrolls (Yearly Change) vs. GDP,macromicro,2026-03-30T13:55:30Z
1981-04-01,3.0,1,series_1,171,US - Nonfarm Payrolls (Yearly Change) vs. GDP,macromicro,2026-03-30T13:55:30Z
1981-07-01,4.3,1,series_1,171,US - Nonfarm Payrolls (Yearly Change) vs. GDP,macromicro,2026-03-30T13:55:30Z
1981-10-01,1.3,1,series_1,171,US - Nonfarm Payrolls (Yearly Change) vs. GDP,macromicro,2026-03-30T13:55:30Z
1982-01-01,-2.2,1,series_1,171,US - Nonfarm Payrolls (Yearly Change) vs. GDP,macromicro,2026-03-30T13:55:30Z
1982-04-01,-1.0,1,series_1,171,US - Nonfarm Payrolls (Yearly Change) vs. GDP,macromicro,2026-03-30T13:55:30Z
1982-07-01,-2.6,1,series_1,171,US - Nonfarm Payrolls (Yearly Change) vs. GDP,macromicro,2026-03-30T13:55:30Z
1982-10-01,-1.4,1,series_1,171,US - Nonfarm Payrolls (Yearly Change) vs. GDP,macromicro,2026-03-30T13:55:30Z
1983-01-01,1.4,1,series_1,171,US - Nonfarm Payrolls (Yearly Change) vs. GDP,macromicro,2026-03-30T13:55:30Z
1983-04-01,3.3,1,series_1,171,US - Nonfarm Payrolls (Yearly Change) vs. GDP,macromicro,2026-03-30T13:55:30Z
1983-07-01,5.7,1,series_1,171,US - Nonfarm Payrolls (Yearly Change) vs. GDP,macromicro,2026-03-30T13:55:30Z
1983-10-01,7.9,1,series_1,171,US - Nonfarm Payrolls (Yearly Change) vs. GDP,macromicro,2026-03-30T13:55:30Z
1984-01-01,8.6,1,series_1,171,US - Nonfarm Payrolls (Yearly Change) vs. GDP,macromicro,2026-03-30T13:55:30Z
1984-04-01,8.0,1,series_1,171,US - Nonfarm Payrolls (Yearly Change) vs. GDP,macromicro,2026-03-30T13:55:30Z
1984-07-01,6.9,1,series_1,171,US - Nonfarm Payrolls (Yearly Change) vs. GDP,macromicro,2026-03-30T13:55:30Z
1984-10-01,5.6,1,series_1,171,US - Nonfarm Payrolls (Yearly Change) vs. GDP,macromicro,2026-03-30T13:55:30Z
1985-01-01,4.6,1,series_1,171,US - Nonfarm Payrolls (Yearly Change) vs. GDP,macromicro,2026-03-30T13:55:30Z
1985-04-01,3.7,1,series_1,171,US - Nonfarm Payrolls (Yearly Change) vs. GDP,macromicro,2026-03-30T13:55:30Z
1985-07-01,4.3,1,series_1,171,US - Nonfarm Payrolls (Yearly Change) vs. GDP,macromicro,2026-03-30T13:55:30Z
1985-10-01,4.2,1,series_1,171,US - Nonfarm Payrolls (Yearly Change) vs. GDP,macromicro,2026-03-30T13:55:30Z
1986-01-01,4.1,1,series_1,171,US - Nonfarm Payrolls (Yearly Change) vs. GDP,macromicro,2026-03-30T13:55:30Z
1986-04-01,3.7,1,series_1,171,US - Nonfarm Payrolls (Yearly Change) vs. GDP,macromicro,2026-03-30T13:55:30Z
1986-07-01,3.1,1,series_1,171,US - Nonfarm Payrolls (Yearly Change) vs. GDP,macromicro,2026-03-30T13:55:30Z
1986-10-01,2.9,1,series_1,171,US - Nonfarm Payrolls (Yearly Change) vs. GDP,macromicro,2026-03-30T13:55:30Z
1987-01-01,2.7,1,series_1,171,US - Nonfarm Payrolls (Yearly Change) vs. GDP,macromicro,2026-03-30T13:55:30Z
1987-04-01,3.4,1,series_1,171,US - Nonfarm Payrolls (Yearly Change) vs. GDP,macromicro,2026-03-30T13:55:30Z
1987-07-01,3.3,1,series_1,171,US - Nonfarm Payrolls (Yearly Change) vs. GDP,macromicro,2026-03-30T13:55:30Z
1987-10-01,4.5,1,series_1,171,US - Nonfarm Payrolls (Yearly Change) vs. GDP,macromicro,2026-03-30T13:55:30Z
1988-01-01,4.2,1,series_1,171,US - Nonfarm Payrolls (Yearly Change) vs. GDP,macromicro,2026-03-30T13:55:30Z
1988-04-01,4.5,1,series_1,171,US - Nonfarm Payrolls (Yearly Change) vs. GDP,macromicro,2026-03-30T13:55:30Z
1988-07-01,4.2,1,series_1,171,US - Nonfarm Payrolls (Yearly Change) vs. GDP,macromicro,2026-03-30T13:55:30Z
1988-10-01,3.8,1,series_1,171,US - Nonfarm Payrolls (Yearly Change) vs. GDP,macromicro,2026-03-30T13:55:30Z
1989-01-01,4.3,1,series_1,171,US - Nonfarm Payrolls (Yearly Change) vs. GDP,macromicro,2026-03-30T13:55:30Z
1989-04-01,3.7,1,series_1,171,US - Nonfarm Payrolls (Yearly Change) vs. GDP,macromicro,2026-03-30T13:55:30Z
1989-07-01,3.9,1,series_1,171,US - Nonfarm Payrolls (Yearly Change) vs. GDP,macromicro,2026-03-30T13:55:30Z
1989-10-01,2.7,1,series_1,171,US - Nonfarm Payrolls (Yearly Change) vs. GDP,macromicro,2026-03-30T13:55:30Z
1990-01-01,2.8,1,series_1,171,US - Nonfarm Payrolls (Yearly Change) vs. GDP,macromicro,2026-03-30T13:55:30Z
1990-04-01,2.4,1,series_1,171,US - Nonfarm Payrolls (Yearly Change) vs. GDP,macromicro,2026-03-30T13:55:30Z
1990-07-01,1.7,1,series_1,171,US - Nonfarm Payrolls (Yearly Change) vs. GDP,macromicro,2026-03-30T13:55:30Z
1990-10-01,0.6,1,series_1,171,US - Nonfarm Payrolls (Yearly Change) vs. GDP,macromicro,2026-03-30T13:55:30Z
1991-01-01,-1.0,1,series_1,171,US - Nonfarm Payrolls (Yearly Change) vs. GDP,macromicro,2026-03-30T13:55:30Z
1991-04-01,-0.5,1,series_1,171,US - Nonfarm Payrolls (Yearly Change) vs. GDP,macromicro,2026-03-30T13:55:30Z
1991-07-01,-0.1,1,series_1,171,US - Nonfarm Payrolls (Yearly Change) vs. GDP,macromicro,2026-03-30T13:55:30Z
1991-10-01,1.2,1,series_1,171,US - Nonfarm Payrolls (Yearly Change) vs. GDP,macromicro,2026-03-30T13:55:30Z
1992-01-01,2.9,1,series_1,171,US - Nonfarm Payrolls (Yearly Change) vs. GDP,macromicro,2026-03-30T13:55:30Z
1992-04-01,3.2,1,series_1,171,US - Nonfarm Payrolls (Yearly Change) vs. GDP,macromicro,2026-03-30T13:55:30Z
1992-07-01,3.7,1,series_1,171,US - Nonfarm Payrolls (Yearly Change) vs. GDP,macromicro,2026-03-30T13:55:30Z
1992-10-01,4.4,1,series_1,171,US - Nonfarm Payrolls (Yearly Change) vs. GDP,macromicro,2026-03-30T13:55:30Z
1993-01-01,3.3,1,series_1,171,US - Nonfarm Payrolls (Yearly Change) vs. GDP,macromicro,2026-03-30T13:55:30Z
1993-04-01,2.8,1,series_1,171,US - Nonfarm Payrolls (Yearly Change) vs. GDP,macromicro,2026-03-30T13:55:30Z
1993-07-01,2.3,1,series_1,171,US - Nonfarm Payrolls (Yearly Change) vs. GDP,macromicro,2026-03-30T13:55:30Z
1993-10-01,2.6,1,series_1,171,US - Nonfarm Payrolls (Yearly Change) vs. GDP,macromicro,2026-03-30T13:55:30Z
1994-01-01,3.4,1,series_1,171,US - Nonfarm Payrolls (Yearly Change) vs. GDP,macromicro,2026-03-30T13:55:30Z
1994-04-01,4.2,1,series_1,171,US - Nonfarm Payrolls (Yearly Change) vs. GDP,macromicro,2026-03-30T13:55:30Z
1994-07-01,4.3,1,series_1,171,US - Nonfarm Payrolls (Yearly Change) vs. GDP,macromicro,2026-03-30T13:55:30Z
1994-10-01,4.1,1,series_1,171,US - Nonfarm Payrolls (Yearly Change) vs. GDP,macromicro,2026-03-30T13:55:30Z
1995-01-01,3.5,1,series_1,171,US - Nonfarm Payrolls (Yearly Change) vs. GDP,macromicro,2026-03-30T13:55:30Z
1995-04-01,2.4,1,series_1,171,US - Nonfarm Payrolls (Yearly Change) vs. GDP,macromicro,2026-03-30T13:55:30Z
1995-07-01,2.7,1,series_1,171,US - Nonfarm Payrolls (Yearly Change) vs. GDP,macromicro,2026-03-30T13:55:30Z
1995-10-01,2.2,1,series_1,171,US - Nonfarm Payrolls (Yearly Change) vs. GDP,macromicro,2026-03-30T13:55:30Z
1996-01-01,2.6,1,series_1,171,US - Nonfarm Payrolls (Yearly Change) vs. GDP,macromicro,2026-03-30T13:55:30Z
1996-04-01,4.0,1,series_1,171,US - Nonfarm Payrolls (Yearly Change) vs. GDP,macromicro,2026-03-30T13:55:30Z
1996-07-01,4.1,1,series_1,171,US - Nonfarm Payrolls (Yearly Change) vs. GDP,macromicro,2026-03-30T13:55:30Z
1996-10-01,4.4,1,series_1,171,US - Nonfarm Payrolls (Yearly Change) vs. GDP,macromicro,2026-03-30T13:55:30Z
1997-01-01,4.3,1,series_1,171,US - Nonfarm Payrolls (Yearly Change) vs. GDP,macromicro,2026-03-30T13:55:30Z
1997-04-01,4.3,1,series_1,171,US - Nonfarm Payrolls (Yearly Change) vs. GDP,macromicro,2026-03-30T13:55:30Z
1997-07-01,4.7,1,series_1,171,US - Nonfarm Payrolls (Yearly Change) vs. GDP,macromicro,2026-03-30T13:55:30Z
1997-10-01,4.5,1,series_1,171,US - Nonfarm Payrolls (Yearly Change) vs. GDP,macromicro,2026-03-30T13:55:30Z
1998-01-01,4.9,1,series_1,171,US - Nonfarm Payrolls (Yearly Change) vs. GDP,macromicro,2026-03-30T13:55:30Z
1998-04-01,4.1,1,series_1,171,US - Nonfarm Payrolls (Yearly Change) vs. GDP,macromicro,2026-03-30T13:55:30Z
1998-07-01,4.1,1,series_1,171,US - Nonfarm Payrolls (Yearly Change) vs. GDP,macromicro,2026-03-30T13:55:30Z
1998-10-01,4.9,1,series_1,171,US - Nonfarm Payrolls (Yearly Change) vs. GDP,macromicro,2026-03-30T13:55:30Z
1999-01-01,4.8,1,series_1,171,US - Nonfarm Payrolls (Yearly Change) vs. GDP,macromicro,2026-03-30T13:55:30Z
1999-04-01,4.7,1,series_1,171,US - Nonfarm Payrolls (Yearly Change) vs. GDP,macromicro,2026-03-30T13:55:30Z
1999-07-01,4.8,1,series_1,171,US - Nonfarm Payrolls (Yearly Change) vs. GDP,macromicro,2026-03-30T13:55:30Z
1999-10-01,4.8,1,series_1,171,US - Nonfarm Payrolls (Yearly Change) vs. GDP,macromicro,2026-03-30T13:55:30Z
2000-01-01,4.2,1,series_1,171,US - Nonfarm Payrolls (Yearly Change) vs. GDP,macromicro,2026-03-30T13:55:30Z
2000-04-01,5.2,1,series_1,171,US - Nonfarm Payrolls (Yearly Change) vs. GDP,macromicro,2026-03-30T13:55:30Z
2000-07-01,4.0,1,series_1,171,US - Nonfarm Payrolls (Yearly Change) vs. GDP,macromicro,2026-03-30T13:55:30Z
2000-10-01,2.9,1,series_1,171,US - Nonfarm Payrolls (Yearly Change) vs. GDP,macromicro,2026-03-30T13:55:30Z
2001-01-01,2.2,1,series_1,171,US - Nonfarm Payrolls (Yearly Change) vs. GDP,macromicro,2026-03-30T13:55:30Z
2001-04-01,1.0,1,series_1,171,US - Nonfarm Payrolls (Yearly Change) vs. GDP,macromicro,2026-03-30T13:55:30Z
2001-07-01,0.5,1,series_1,171,US - Nonfarm Payrolls (Yearly Change) vs. GDP,macromicro,2026-03-30T13:55:30Z
2001-10-01,0.2,1,series_1,171,US - Nonfarm Payrolls (Yearly Change) vs. GDP,macromicro,2026-03-30T13:55:30Z
2002-01-01,1.3,1,series_1,171,US - Nonfarm Payrolls (Yearly Change) vs. GDP,macromicro,2026-03-30T13:55:30Z
2002-04-01,1.3,1,series_1,171,US - Nonfarm Payrolls (Yearly Change) vs. GDP,macromicro,2026-03-30T13:55:30Z
2002-07-01,2.1,1,series_1,171,US - Nonfarm Payrolls (Yearly Change) vs. GDP,macromicro,2026-03-30T13:55:30Z
2002-10-01,2.0,1,series_1,171,US - Nonfarm Payrolls (Yearly Change) vs. GDP,macromicro,2026-03-30T13:55:30Z
2003-01-01,1.7,1,series_1,171,US - Nonfarm Payrolls (Yearly Change) vs. GDP,macromicro,2026-03-30T13:55:30Z
2003-04-01,2.0,1,series_1,171,US - Nonfarm Payrolls (Yearly Change) vs. GDP,macromicro,2026-03-30T13:55:30Z
2003-07-01,3.2,1,series_1,171,US - Nonfarm Payrolls (Yearly Change) vs. GDP,macromicro,2026-03-30T13:55:30Z
2003-10-01,4.3,1,series_1,171,US - Nonfarm Payrolls (Yearly Change) vs. GDP,macromicro,2026-03-30T13:55:30Z
2004-01-01,4.3,1,series_1,171,US - Nonfarm Payrolls (Yearly Change) vs. GDP,macromicro,2026-03-30T13:55:30Z
2004-04-01,4.2,1,series_1,171,US - Nonfarm Payrolls (Yearly Change) vs. GDP,macromicro,2026-03-30T13:55:30Z
2004-07-01,3.5,1,series_1,171,US - Nonfarm Payrolls (Yearly Change) vs. GDP,macromicro,2026-03-30T13:55:30Z
2004-10-01,3.4,1,series_1,171,US - Nonfarm Payrolls (Yearly Change) vs. GDP,macromicro,2026-03-30T13:55:30Z
2005-01-01,3.9,1,series_1,171,US - Nonfarm Payrolls (Yearly Change) vs. GDP,macromicro,2026-03-30T13:55:30Z
2005-04-01,3.6,1,series_1,171,US - Nonfarm Payrolls (Yearly Change) vs. GDP,macromicro,2026-03-30T13:55:30Z
2005-07-01,3.4,1,series_1,171,US - Nonfarm Payrolls (Yearly Change) vs. GDP,macromicro,2026-03-30T13:55:30Z
2005-10-01,3.0,1,series_1,171,US - Nonfarm Payrolls (Yearly Change) vs. GDP,macromicro,2026-03-30T13:55:30Z
2006-01-01,3.2,1,series_1,171,US - Nonfarm Payrolls (Yearly Change) vs. GDP,macromicro,2026-03-30T13:55:30Z
2006-04-01,3.0,1,series_1,171,US - Nonfarm Payrolls (Yearly Change) vs. GDP,macromicro,2026-03-30T13:55:30Z
2006-07-01,2.3,1,series_1,171,US - Nonfarm Payrolls (Yearly Change) vs. GDP,macromicro,2026-03-30T13:55:30Z
2006-10-01,2.6,1,series_1,171,US - Nonfarm Payrolls (Yearly Change) vs. GDP,macromicro,2026-03-30T13:55:30Z
2007-01-01,1.6,1,series_1,171,US - Nonfarm Payrolls (Yearly Change) vs. GDP,macromicro,2026-03-30T13:55:30Z
2007-04-01,1.9,1,series_1,171,US - Nonfarm Payrolls (Yearly Change) vs. GDP,macromicro,2026-03-30T13:55:30Z
2007-07-01,2.4,1,series_1,171,US - Nonfarm Payrolls (Yearly Change) vs. GDP,macromicro,2026-03-30T13:55:30Z
2007-10-01,2.1,1,series_1,171,US - Nonfarm Payrolls (Yearly Change) vs. GDP,macromicro,2026-03-30T13:55:30Z
2008-01-01,1.4,1,series_1,171,US - Nonfarm Payrolls (Yearly Change) vs. GDP,macromicro,2026-03-30T13:55:30Z
2008-04-01,1.4,1,series_1,171,US - Nonfarm Payrolls (Yearly Change) vs. GDP,macromicro,2026-03-30T13:55:30Z
2008-07-01,0.3,1,series_1,171,US - Nonfarm Payrolls (Yearly Change) vs. GDP,macromicro,2026-03-30T13:55:30Z
2008-10-01,-2.5,1,series_1,171,US - Nonfarm Payrolls (Yearly Change) vs. GDP,macromicro,2026-03-30T13:55:30Z
2009-01-01,-3.2,1,series_1,171,US - Nonfarm Payrolls (Yearly Change) vs. GDP,macromicro,2026-03-30T13:55:30Z
2009-04-01,-4.0,1,series_1,171,US - Nonfarm Payrolls (Yearly Change) vs. GDP,macromicro,2026-03-30T13:55:30Z
2009-07-01,-3.1,1,series_1,171,US - Nonfarm Payrolls (Yearly Change) vs. GDP,macromicro,2026-03-30T13:55:30Z
2009-10-01,0.1,1,series_1,171,US - Nonfarm Payrolls (Yearly Change) vs. GDP,macromicro,2026-03-30T13:55:30Z
2010-01-01,1.7,1,series_1,171,US - Nonfarm Payrolls (Yearly Change) vs. GDP,macromicro,2026-03-30T13:55:30Z
2010-04-01,2.9,1,series_1,171,US - Nonfarm Payrolls (Yearly Change) vs. GDP,macromicro,2026-03-30T13:55:30Z
2010-07-01,3.3,1,series_1,171,US - Nonfarm Payrolls (Yearly Change) vs. GDP,macromicro,2026-03-30T13:55:30Z
2010-10-01,2.8,1,series_1,171,US - Nonfarm Payrolls (Yearly Change) vs. GDP,macromicro,2026-03-30T13:55:30Z
2011-01-01,2.0,1,series_1,171,US - Nonfarm Payrolls (Yearly Change) vs. GDP,macromicro,2026-03-30T13:55:30Z
2011-04-01,1.7,1,series_1,171,US - Nonfarm Payrolls (Yearly Change) vs. GDP,macromicro,2026-03-30T13:55:30Z
2011-07-01,0.9,1,series_1,171,US - Nonfarm Payrolls (Yearly Change) vs. GDP,macromicro,2026-03-30T13:55:30Z
2011-10-01,1.5,1,series_1,171,US - Nonfarm Payrolls (Yearly Change) vs. GDP,macromicro,2026-03-30T13:55:30Z
2012-01-01,2.6,1,series_1,171,US - Nonfarm Payrolls (Yearly Change) vs. GDP,macromicro,2026-03-30T13:55:30Z
2012-04-01,2.4,1,series_1,171,US - Nonfarm Payrolls (Yearly Change) vs. GDP,macromicro,2026-03-30T13:55:30Z
2012-07-01,2.6,1,series_1,171,US - Nonfarm Payrolls (Yearly Change) vs. GDP,macromicro,2026-03-30T13:55:30Z
2012-10-01,1.6,1,series_1,171,US - Nonfarm Payrolls (Yearly Change) vs. GDP,macromicro,2026-03-30T13:55:30Z
2013-01-01,1.7,1,series_1,171,US - Nonfarm Payrolls (Yearly Change) vs. GDP,macromicro,2026-03-30T13:55:30Z
2013-04-01,1.5,1,series_1,171,US - Nonfarm Payrolls (Yearly Change) vs. GDP,macromicro,2026-03-30T13:55:30Z
2013-07-01,2.2,1,series_1,171,US - Nonfarm Payrolls (Yearly Change) vs. GDP,macromicro,2026-03-30T13:55:30Z
2013-10-01,3.0,1,series_1,171,US - Nonfarm Payrolls (Yearly Change) vs. GDP,macromicro,2026-03-30T13:55:30Z
2014-01-01,1.7,1,series_1,171,US - Nonfarm Payrolls (Yearly Change) vs. GDP,macromicro,2026-03-30T13:55:30Z
2014-04-01,2.7,1,series_1,171,US - Nonfarm Payrolls (Yearly Change) vs. GDP,macromicro,2026-03-30T13:55:30Z
2014-07-01,3.1,1,series_1,171,US - Nonfarm Payrolls (Yearly Change) vs. GDP,macromicro,2026-03-30T13:55:30Z
2014-10-01,2.7,1,series_1,171,US - Nonfarm Payrolls (Yearly Change) vs. GDP,macromicro,2026-03-30T13:55:30Z
2015-01-01,4.0,1,series_1,171,US - Nonfarm Payrolls (Yearly Change) vs. GDP,macromicro,2026-03-30T13:55:30Z
2015-04-01,3.3,1,series_1,171,US - Nonfarm Payrolls (Yearly Change) vs. GDP,macromicro,2026-03-30T13:55:30Z
2015-07-01,2.4,1,series_1,171,US - Nonfarm Payrolls (Yearly Change) vs. GDP,macromicro,2026-03-30T13:55:30Z
2015-10-01,2.1,1,series_1,171,US - Nonfarm Payrolls (Yearly Change) vs. GDP,macromicro,2026-03-30T13:55:30Z
2016-01-01,1.8,1,series_1,171,US - Nonfarm Payrolls (Yearly Change) vs. GDP,macromicro,2026-03-30T13:55:30Z
2016-04-01,1.5,1,series_1,171,US - Nonfarm Payrolls (Yearly Change) vs. GDP,macromicro,2026-03-30T13:55:30Z
2016-07-01,1.8,1,series_1,171,US - Nonfarm Payrolls (Yearly Change) vs. GDP,macromicro,2026-03-30T13:55:30Z
2016-10-01,2.2,1,series_1,171,US - Nonfarm Payrolls (Yearly Change) vs. GDP,macromicro,2026-03-30T13:55:30Z
2017-01-01,2.1,1,series_1,171,US - Nonfarm Payrolls (Yearly Change) vs. GDP,macromicro,2026-03-30T13:55:30Z
2017-04-01,2.3,1,series_1,171,US - Nonfarm Payrolls (Yearly Change) vs. GDP,macromicro,2026-03-30T13:55:30Z
2017-07-01,2.4,1,series_1,171,US - Nonfarm Payrolls (Yearly Change) vs. GDP,macromicro,2026-03-30T13:55:30Z
2017-10-01,3.0,1,series_1,171,US - Nonfarm Payrolls (Yearly Change) vs. GDP,macromicro,2026-03-30T13:55:30Z
2018-01-01,3.3,1,series_1,171,US - Nonfarm Payrolls (Yearly Change) vs. GDP,macromicro,2026-03-30T13:55:30Z
2018-04-01,3.3,1,series_1,171,US - Nonfarm Payrolls (Yearly Change) vs. GDP,macromicro,2026-03-30T13:55:30Z
2018-07-01,3.1,1,series_1,171,US - Nonfarm Payrolls (Yearly Change) vs. GDP,macromicro,2026-03-30T13:55:30Z
2018-10-01,2.1,1,series_1,171,US - Nonfarm Payrolls (Yearly Change) vs. GDP,macromicro,2026-03-30T13:55:30Z
2019-01-01,1.9,1,series_1,171,US - Nonfarm Payrolls (Yearly Change) vs. GDP,macromicro,2026-03-30T13:55:30Z
2019-04-01,2.2,1,series_1,171,US - Nonfarm Payrolls (Yearly Change) vs. GDP,macromicro,2026-03-30T13:55:30Z
2019-07-01,2.8,1,series_1,171,US - Nonfarm Payrolls (Yearly Change) vs. GDP,macromicro,2026-03-30T13:55:30Z
2019-10-01,3.4,1,series_1,171,US - Nonfarm Payrolls (Yearly Change) vs. GDP,macromicro,2026-03-30T13:55:30Z
2020-01-01,1.4,1,series_1,171,US - Nonfarm Payrolls (Yearly Change) vs. GDP,macromicro,2026-03-30T13:55:30Z
2020-04-01,-7.4,1,series_1,171,US - Nonfarm Payrolls (Yearly Change) vs. GDP,macromicro,2026-03-30T13:55:30Z
2020-07-01,-1.4,1,series_1,171,US - Nonfarm Payrolls (Yearly Change) vs. GDP,macromicro,2026-03-30T13:55:30Z
2020-10-01,-0.9,1,series_1,171,US - Nonfarm Payrolls (Yearly Change) vs. GDP,macromicro,2026-03-30T13:55:30Z
2021-01-01,1.8,1,series_1,171,US - Nonfarm Payrolls (Yearly Change) vs. GDP,macromicro,2026-03-30T13:55:30Z
2021-04-01,12.4,1,series_1,171,US - Nonfarm Payrolls (Yearly Change) vs. GDP,macromicro,2026-03-30T13:55:30Z
2021-07-01,5.2,1,series_1,171,US - Nonfarm Payrolls (Yearly Change) vs. GDP,macromicro,2026-03-30T13:55:30Z
2021-10-01,5.8,1,series_1,171,US - Nonfarm Payrolls (Yearly Change) vs. GDP,macromicro,2026-03-30T13:55:30Z
2022-01-01,4.0,1,series_1,171,US - Nonfarm Payrolls (Yearly Change) vs. GDP,macromicro,2026-03-30T13:55:30Z
2022-04-01,2.5,1,series_1,171,US - Nonfarm Payrolls (Yearly Change) vs. GDP,macromicro,2026-03-30T13:55:30Z
2022-07-01,2.3,1,series_1,171,US - Nonfarm Payrolls (Yearly Change) vs. GDP,macromicro,2026-03-30T13:55:30Z
2022-10-01,1.3,1,series_1,171,US - Nonfarm Payrolls (Yearly Change) vs. GDP,macromicro,2026-03-30T13:55:30Z
2023-01-01,2.3,1,series_1,171,US - Nonfarm Payrolls (Yearly Change) vs. GDP,macromicro,2026-03-30T13:55:30Z
2023-04-01,2.8,1,series_1,171,US - Nonfarm Payrolls (Yearly Change) vs. GDP,macromicro,2026-03-30T13:55:30Z
2023-07-01,3.2,1,series_1,171,US - Nonfarm Payrolls (Yearly Change) vs. GDP,macromicro,2026-03-30T13:55:30Z
2023-10-01,3.4,1,series_1,171,US - Nonfarm Payrolls (Yearly Change) vs. GDP,macromicro,2026-03-30T13:55:30Z
2024-01-01,2.9,1,series_1,171,US - Nonfarm Payrolls (Yearly Change) vs. GDP,macromicro,2026-03-30T13:55:30Z
2024-04-01,3.1,1,series_1,171,US - Nonfarm Payrolls (Yearly Change) vs. GDP,macromicro,2026-03-30T13:55:30Z
2024-07-01,2.8,1,series_1,171,US - Nonfarm Payrolls (Yearly Change) vs. GDP,macromicro,2026-03-30T13:55:30Z
2024-10-01,2.4,1,series_1,171,US - Nonfarm Payrolls (Yearly Change) vs. GDP,macromicro,2026-03-30T13:55:30Z
2025-01-01,2.0,1,series_1,171,US - Nonfarm Payrolls (Yearly Change) vs. GDP,macromicro,2026-03-30T13:55:30Z
2025-04-01,2.1,1,series_1,171,US - Nonfarm Payrolls (Yearly Change) vs. GDP,macromicro,2026-03-30T13:55:30Z
2025-07-01,2.3,1,series_1,171,US - Nonfarm Payrolls (Yearly Change) vs. GDP,macromicro,2026-03-30T13:55:30Z
2025-10-01,2.0,1,series_1,171,US - Nonfarm Payrolls (Yearly Change) vs. GDP,macromicro,2026-03-30T13:55:30Z
